"HC_instance_id","LC_instance_id","epitope_group","epitope","source","ab_idx","checked_epitope_group"
"6W41.A","6W41.B","F1","378K;430T;383S;381G;386K;379C;377F;380Y","6W41_1;6W41_2","808","F1"
"6WPS.B","6WPS.C","E1","346R;334N;345T;339G;340E;335L;441L;356K;343N","6WPS_2;6WPS_3","1769","E1"
"6WPS.E","6WPS.F","E1","346R;334N;345T;339G;340E;335L;441L;356K;343N","6WPS_2;6WPS_3","1769","E1"
"6WPS.H","6WPS.I","E1","346R;334N;345T;339G;340E;335L;441L;356K;343N","6WPS_2;6WPS_3","1769","E1"
"6WPT.D","6WPT.E","E1","346R;334N;345T;339G;340E;356K;343N","6WPT_2;6WPT_3","1769","E1"
"6WPT.F","6WPT.G","E1","339G;334N;343N;345T","6WPT_2;6WPT_3","1769","E1"
"6XC2.C","6XC2.B","A","505Y;489Y;458K;420D;473Y;455L;487N;496G;498Q;417K;493Q;408R;502G;460N;421Y;475A;453Y;403R;501N","6XC2_2;6XC2_3","370","A"
"6XC2.F","6XC2.E","A","505Y;489Y;458K;420D;473Y;455L;487N;496G;498Q;417K;493Q;408R;502G;460N;421Y;475A;476G;453Y;403R;501N;494S","6XC2_2;6XC2_3","370","A"
"6XC3.A","6XC3.B","F1","378K;383S;382V;517L;381G;386K;379C;377F","6XC3_1;6XC3_2","808","F1"
"6XC3.D","6XC3.C","A","405D;505Y;489Y;420D;415T;473Y;455L;487N;457R;496G;498Q;417K;493Q;502G;460N;421Y;475A;453Y;403R;501N;494S","6XC3_3;6XC3_4","370","A"
"6XC4.B","6XC4.C","A","473Y;457R;505Y;487N;403R;417K;455L;489Y;458K;420D;460N;421Y;475A;476G","6XC4_2;6XC4_3","391","A"
"6XC4.E","6XC4.F","A","473Y;457R;505Y;487N;403R;417K;455L;489Y;458K;420D;460N;421Y;475A;476G","6XC4_2;6XC4_3","391","A"
"6XC7.B","6XC7.C","F1","378K;381G;386K;379C;377F;428D","6XC7_2;6XC7_3","808","F1"
"6XC7.D","6XC7.E","A","473Y;457R;505Y;487N;403R;489Y;455L;458K;420D;460N;421Y;475A;476G","6XC7_4;6XC7_5","391","A"
"6XCM.D","6XCM.F","A","405D;473Y;457R;505Y;502G;501N;458K;415T;474Q;421Y;416G;476G","6XCM_2;6XCM_3","2622","A"
"6XCM.E","6XCM.G","A","405D;473Y;457R;403R;498Q;455L;501N;458K;502G;474Q;421Y;475A","6XCM_2;6XCM_3","2622","A"
"6XCN.D","6XCN.G","A","405D;473Y;457R;453Y;502G;458K;415T;460N;421Y","6XCN_2;6XCN_3","2622","A"
"6XCN.E","6XCN.H","A","405D;473Y;457R;502G;458K;415T;460N;421Y","6XCN_2;6XCN_3","2622","A"
"6XCN.F","6XCN.I","A","405D;473Y;457R;502G;458K;415T;460N;421Y","6XCN_2;6XCN_3","2622","A"
"6XDG.C","6XDG.B","B","453Y;486F;484E;489Y;493Q;487N;488C","6XDG_2;6XDG_3","136","B"
"6XDG.D","6XDG.E","D2","346R;446G;498Q;449Y;440N","6XDG_4;6XDG_5","137","D2"
"6XE1.A","6XE1.B","A","473Y;457R;453Y;505Y;502G;403R;417K;455L;489Y;493Q;420D;458K;415T;460N;421Y;416G;475A;487N","6XE1_1;6XE1_2","900","A"
"6XEY.D","6XEY.E","B","487N;493Q;486F;484E","6XEY_2;6XEY_3","959","C"
"6XEY.F","6XEY.I","C","493Q;492L;484E;494S","6XEY_2;6XEY_3","959","C"
"6XEY.G","6XEY.H","C","489Y;493Q;486F;492L","6XEY_2;6XEY_3","959","C"
"6XKP.C","6XKP.D","E2.2","469S;462K;465E;466R","6XKP_2;6XKP_3","875","E2.2"
"6XKP.E","6XKP.F","E2.2","469S;465E;466R","6XKP_2;6XKP_3","875","E2.2"
"6XKQ.B","6XKQ.C","B","478T;446G;486F;489Y;493Q;477S;495Y;449Y;487N;475A","6XKQ_2;6XKQ_3","872","B"
"6YLA.B","6YLA.C","F1","378K;430T;383S;382V;517L;385T;381G;386K;379C;377F","6YLA_2;6YLA_3","808","F1"
"6YLA.E","6YLA.F","F1","378K;430T;383S;382V;517L;385T;381G;386K;379C;377F;428D;519H","6YLA_2;6YLA_3","808","F1"
"6YM0.B","6YM0.C","F1","378K;383S;382V;517L;385T;381G;386K;379C;377F","6YM0_2;6YM0_3","808","F1"
"6ZCZ.C","6ZCZ.D","F1","427D;375S;429F;383S;382V;385T;381G;386K;379C;412P","6ZCZ_3;6ZCZ_4","1677","F1"
"6ZDG.B","6ZDG.C","F1","429F;375S;383S;385T;381G;386K;412P","6ZDG_2;6ZDG_3","1677","F1"
"6ZDG.E","6ZDG.F","F1","429F;383S;385T;381G;386K","6ZDG_2;6ZDG_3","1677","F1"
"6ZDG.H","6ZDG.I","F1","429F;375S;383S;385T;381G;386K;412P","6ZDG_2;6ZDG_3","1677","F1"
"6ZDH.D","6ZDH.E","F1","429F;383S;385T;381G;386K;379C;412P","6ZDH_2;6ZDH_3","1677","F1"
"6ZDH.F","6ZDH.G","F1","427D;429F;388N;383S;382V;385T;381G;386K;379C;412P","6ZDH_2;6ZDH_3","1677","F1"
"6ZDH.H","6ZDH.I","F1","427D;429F;383S;374F;382V;385T;381G;386K;379C;389D","6ZDH_2;6ZDH_3","1677","F1"
"6ZER.B","6ZER.C","F1","427D;375S;429F;383S;382V;385T;381G;379C;412P","6ZER_2;6ZER_3","1677","F1"
"6ZER.E","6ZER.F","F1","427D;375S;429F;383S;382V;385T;381G;379C;412P","6ZER_2;6ZER_3","1677","F1"
"6ZER.H","6ZER.I","F1","427D;375S;429F;383S;382V;385T;381G;379C;412P","6ZER_2;6ZER_3","1677","F1"
"6ZFO.B","6ZFO.C","F1","427D;429F;388N;383S;382V;385T;381G;386K;379C","6ZFO_2;6ZFO_3","1677","F1"
"6ZFO.E","6ZFO.F","F1","427D;429F;388N;383S;382V;385T;381G;386K;379C","6ZFO_2;6ZFO_3","1677","F1"
"6ZH9.A","6ZH9.B","F1","378K;430T;370N;385T;381G;379C;377F;515F","6ZH9_1;6ZH9_2","808","F1"
"6ZLR.B","6ZLR.C","F1","378K;383S;517L;385T;381G;386K;379C;377F","6ZLR_2;6ZLR_3","808","F1"
"6ZLR.E","6ZLR.F","F1","378K;383S;517L;385T;381G;386K;379C;377F;519H","6ZLR_2;6ZLR_3","808","F1"
"6ZLR.H","6ZLR.I","F1","378K;517L;385T;381G;386K;379C;377F;428D","6ZLR_2;6ZLR_3","808","F1"
"7A5R.A","7A5R.B","F1","429F;430T;383S;385T;381G;377F","7A5R_1;7A5R_2","808","F1"
"7A5R.F","7A5R.E","F1","429F;378K;383S;381G;377F","7A5R_1;7A5R_2","808","F1"
"7A5S.A","7A5S.B","F1","429F;430T;383S;385T;381G;377F","7A5S_1;7A5S_2","808","F1"
"7A5S.F","7A5S.D","F1","429F;378K;383S;381G;377F","7A5S_1;7A5S_2","808","F1"
"7AKD.D","7AKD.E","E1","334N;339G;336C;340E;338F;364D;529K","7AKD_2;7AKD_3","211","E1"
"7AKD.F","7AKD.G","E1","339G","7AKD_2;7AKD_3","211","E1"
"7B0B.B","7B0B.A","B","478T;493Q;477S;487N;475A","7B0B_1;7B0B_2","1005","B"
"7B3O.C","7B3O.B","A","505Y;409Q;489Y;458K;420D;415T;473Y;455L;487N;457R;496G;498Q;502G;460N;421Y;416G;475A;453Y;403R;495Y;501N","7B3O_2;7B3O_3","1770","A"
"7BEH.B","7BEH.C","C","486F;484E;493Q;492L;494S","7BEH_2;7BEH_3","1665","C"
"7BEI.A","7BEI.B","A","505Y;489Y;458K;420D;415T;473Y;455L;487N;457R;496G;498Q;417K;493Q;408R;477S;502G;460N;421Y;416G;475A;476G;403R;501N;500T","7BEI_1;7BEI_2","1656","A"
"7BEJ.A","7BEJ.B","A","405D;473Y;505Y;502G;409Q;487N;403R;498Q;417K;455L;489Y;495Y;458K;420D;460N;421Y;475A;476G","7BEJ_1;7BEJ_2","1657","A"
"7BEK.A","7BEK.B","A","405D;505Y;409Q;489Y;458K;420D;473Y;455L;487N;496G;498Q;417K;502G;421Y;475A;476G;403R;501N;500T","7BEK_1;7BEK_2","1657","A"
"7BEL.B","7BEL.E","E2.2","462K;466R;354N;463P;355R;357R;360N;428D;394N;359S;516E;519H;464F","7BEL_2;7BEL_5","1668","E2.2"
"7BEL.C","7BEL.D","C","505Y;485G;486F;484E;403R;417K;455L;489Y;493Q;502G;487N;488C","7BEL_3;7BEL_4","1671","C"
"7BEL.G","7BEL.J","E2.2","462K;466R;354N;463P;355R;357R;360N;428D;359S;516E;519H;464F","7BEL_2;7BEL_5","1668","E2.2"
"7BEL.H","7BEL.I","C","505Y;485G;486F;484E;403R;417K;455L;489Y;493Q;502G;487N;488C","7BEL_3;7BEL_4","1671","C"
"7BEM.A","7BEM.B","A","505Y;409Q;489Y;458K;420D;473Y;455L;487N;457R;498Q;417K;502G;406E;460N;421Y;475A;453Y;403R;495Y;501N;494S","7BEM_1;7BEM_2","1663","A"
"7BEN.B","7BEN.C","B","473Y;478T;486F;477S;487N;475A","7BEN_2;7BEN_3","1660","B"
"7BEN.D","7BEN.E","D2","445V;449Y;446G;444K;493Q;495Y;494S;448N;440N","7BEN_4;7BEN_5","1670","D2"
"7BEN.G","7BEN.H","B","473Y;478T;486F;477S;487N;475A","7BEN_2;7BEN_3","1660","B"
"7BEN.I","7BEN.J","D2","445V;449Y;446G;450N;444K;493Q;495Y;494S;448N;440N","7BEN_4;7BEN_5","1670","D2"
"7BEO.B","7BEO.C","B","473Y;478T;477S;487N;475A","7BEO_2;7BEO_3","1662","B"
"7BEO.D","7BEO.E","D2","445V;449Y;446G;444K;493Q;495Y;494S;448N;440N","7BEO_4;7BEO_5","1670","D2"
"7BEO.G","7BEO.H","B","473Y;478T;477S;487N;475A","7BEO_2;7BEO_3","1662","B"
"7BEO.I","7BEO.J","D2","445V;449Y;446G;444K;493Q;495Y;494S;448N;440N","7BEO_4;7BEO_5","1670","D2"
"7BEP.B","7BEP.C","B","486F;484E;482G","7BEP_2;7BEP_3","1666","B"
"7BEP.D","7BEP.E","E1","340E;356K;343N;345T","7BEP_4;7BEP_5","1769","E1"
"7BEP.G","7BEP.H","B","481N;486F;484E;482G","7BEP_2;7BEP_3","1666","B"
"7BEP.I","7BEP.J","E1","346R;345T;340E;356K;343N","7BEP_4;7BEP_5","1769","E1"
"7BNV.B","7BNV.C","E2.2","462K;465E;466R;355R;464F","7BNV_2;7BNV_3","1697","E2.2"
"7BWJ.C","7BWJ.B","D2","450N;484E;448N;447G;449Y","7BWJ_2;7BWJ_3","1550","D2"
"7BYR.D","7BYR.E","C","446G;498Q;489Y;493Q;492L;449Y;494S","7BYR_2;7BYR_3","1626","C"
"7BZ5.B","7BZ5.C","A","490F;505Y;409Q;489Y;458K;420D;415T;473Y;455L;487N;457R;496G;498Q;417K;502G;460N;421Y;416G;475A;453Y;403R;495Y;501N","7BZ5_2;7BZ5_3","1843","A"
"7C01.B","7C01.C","A","473Y;457R;505Y;403R;489Y;455L;493Q;420D;460N;421Y;475A;487N","7C01_2;7C01_3","128","A"
"7C01.E","7C01.F","A","473Y;457R;505Y;403R;417K;455L;489Y;493Q;458K;420D;487N;421Y;475A","7C01_2;7C01_3","128","A"
"7CAC.E","7CAC.D","F2","405D;378K;376T;374F;385T;408R;412P;437N;414Q;504G","7CAC_2;7CAC_3","1689","F2"
"7CAH.B","7CAH.A","F2","405D;407V;378K;375S;376T;374F;379C;377F;408R;504G","7CAH_1;7CAH_2","1689","F2"
"7CAI.E","7CAI.D","F2","405D;378K;376T;374F;379C;377F;408R;437N","7CAI_2;7CAI_3","1689","F2"
"7CAI.G","7CAI.F","F2","405D;378K;375S;376T;374F;372A;379C;377F;380Y;408R;437N;414Q","7CAI_2;7CAI_3","1689","F2"
"7CAK.E","7CAK.D","F2","405D;378K;375S;376T;374F;383S;377F;408R;412P;437N;414Q","7CAK_2;7CAK_3","1689","F2"
"7CAK.G","7CAK.F","F2","405D;378K;376T;385T;377F;414Q","7CAK_2;7CAK_3","1689","F2"
"7CAK.I","7CAK.H","F2","378K;375S;376T;383S;408R;508Y","7CAK_2;7CAK_3","1689","F2"
"7CDI.B","7CDI.C","A","473Y;457R;453Y;505Y;403R;417K;455L;489Y;493Q;420D;458K;415T;460N;421Y;416G;475A;487N","7CDI_2;7CDI_3","1558","A"
"7CDJ.B","7CDJ.C","B","478T;445V;481N;486F;484E;489Y;492L;449Y;487N;494S","7CDJ_2;7CDJ_3","1553","B"
"7CH4.A","7CH4.B","A","473Y;457R;505Y;502G;403R;498Q;489Y;455L;477S;493Q;458K;500T;420D;487N;421Y;475A","7CH4_1;7CH4_2","1878","A"
"7CH5.A","7CH5.B","A","405D;505Y;489Y;458K;420D;415T;473Y;478T;455L;487N;474Q;457R;417K;477S;460N;421Y;416G;475A;453Y;403R;501N","7CH5_1;7CH5_2","1898","A"
"7CHB.A","7CHB.B","A","505Y;489Y;458K;420D;473Y;455L;487N;457R;498Q;417K;502G;460N;421Y;475A;476G;453Y;403R;500T;494S","7CHB_1;7CHB_2","1845","A"
"7CHC.A","7CHC.B","A","505Y;489Y;458K;420D;415T;473Y;478T;455L;487N;457R;417K;477S;460N;421Y;416G;475A;453Y;403R;501N","7CHC_1;7CHC_2","1898","A"
"7CHC.D","7CHC.E","C","346R;481N;450N;484E;482G;449Y","7CHC_4;7CHC_5","1616","C"
"7CHE.A","7CHE.B","A","473Y;457R;453Y;505Y;502G;496G;403R;498Q;417K;455L;477S;489Y;494S;420D;460N;421Y;475A;487N","7CHE_1;7CHE_2","1845","A"
"7CHE.D","7CHE.E","C","481N;450N;444K;484E;482G;449Y","7CHE_4;7CHE_5","1616","C"
"7CHF.A","7CHF.B","A","505Y;489Y;420D;503V;473Y;455L;487N;457R;496G;498Q;417K;493Q;477S;502G;460N;421Y;475A;453Y;403R","7CHF_1;7CHF_2","1878","A"
"7CHF.D","7CHF.E","C","481N;450N;484E;482G","7CHF_4;7CHF_5","1616","C"
"7CHH.D","7CHH.E","C","482G;444K;484E;446G","7CHH_2;7CHH_3","1616","C"
"7CHH.F","7CHH.G","C","482G;484E;449Y","7CHH_2;7CHH_3","1616","C"
"7CHH.H","7CHH.I","C","482G;450N;484E;479P","7CHH_2;7CHH_3","1616","C"
"7CHO.B","7CHO.C","A","405D;505Y;489Y;458K;420D;415T;473Y;455L;487N;457R;417K;493Q;477S;460N;421Y;416G;475A;453Y;403R","7CHO_2;7CHO_3","1568","A"
"7CHO.E","7CHO.F","A","405D;505Y;489Y;458K;420D;415T;473Y;455L;487N;457R;417K;493Q;477S;460N;421Y;416G;475A;453Y;403R","7CHO_2;7CHO_3","1568","A"
"7CHP.B","7CHP.C","A","505Y;489Y;420D;415T;473Y;455L;487N;457R;496G;498Q;417K;493Q;502G;460N;421Y;416G;475A;476G;453Y;501N;494S","7CHP_2;7CHP_3","1579","A"
"7CHS.B","7CHS.C","A","505Y;489Y;458K;420D;415T;473Y;455L;487N;457R;496G;498Q;417K;493Q;502G;460N;421Y;416G;475A;403R","7CHS_2;7CHS_3","1539","A"
"7CJF.A","7CJF.B","A","505Y;489Y;458K;420D;473Y;455L;487N;457R;496G;498Q;417K;477S;502G;460N;421Y;475A;453Y;403R;495Y;501N","7CJF_1;7CJF_2","134","A"
"7CM4.B","7CM4.C","C","453Y;450N;484E;486F;403R;493Q;494S","7CM4_2;7CM4_3","1749","C"
"7CWL.D","7CWL.H","B","485G;481N;470T;484E;486F;492L","7CWL_2;7CWL_3","1736","B"
"7CWL.E","7CWL.G","B","485G;481N;470T;484E;486F;492L","7CWL_2;7CWL_3","1736","B"
"7CWL.F","7CWL.I","B","485G;481N;470T;484E;486F;492L","7CWL_2;7CWL_3","1736","B"
"7CWM.D","7CWM.H","B","485G;481N;470T;484E;486F;492L","7CWM_2;7CWM_3","1736","B"
"7CWM.E","7CWM.G","B","485G;481N;470T;484E;486F;492L","7CWM_2;7CWM_3","1736","B"
"7CWM.F","7CWM.I","B","485G;481N;470T;484E;486F;492L","7CWM_2;7CWM_3","1736","B"
"7CWN.D","7CWN.E","B","485G;481N;470T;484E;486F;492L","7CWN_2;7CWN_3","1736","B"
"7CWN.G","7CWN.F","F2","378K;376T;374F;383S;372A;386K;379C;377F;380Y;412P;373S","7CWN_4;7CWN_5","1689","F2"
"7CWN.H","7CWN.I","B","485G;481N;470T;484E;486F;492L","7CWN_2;7CWN_3","1736","B"
"7CWN.K","7CWN.J","F2","378K;374F;383S;372A;386K;379C;377F;380Y;412P;373S","7CWN_4;7CWN_5","1689","F2"
"7CWN.L","7CWN.M","B","485G;481N;470T;484E;486F;492L","7CWN_2;7CWN_3","1736","B"
"7CWN.O","7CWN.N","F2","378K;376T;374F;383S;372A;386K;379C;377F;380Y;412P;373S","7CWN_4;7CWN_5","1689","F2"
"7CWO.B","7CWO.C","B","485G;481N;470T;484E;486F;492L","7CWO_2;7CWO_3","1736","B"
"7CWS.D","7CWS.C","F2","405D;378K;375S;376T;374F;383S;377F;437N;414Q","7CWS_3;7CWS_4","1689","F2"
"7CWS.F","7CWS.E","F2","377F;378K;376T;385T","7CWS_3;7CWS_4","1689","F2"
"7CWS.H","7CWS.G","F2","378K;375S;376T;383S;508Y;373S","7CWS_3;7CWS_4","1689","F2"
"7CWT.E","7CWT.D","D2","506Q;445V;449Y;437N;500T","7CWT_2;7CWT_3","131","F3"
"7CWT.G","7CWT.F","D2","503V;506Q;443S;501N;449Y;440N;439N","7CWT_2;7CWT_3","131","F3"
"7CWT.I","7CWT.J","F3","506Q;505Y;449Y;437N;499P;500T;439N;504G","7CWT_2;7CWT_3","131","F3"
"7CWU.J","7CWU.K","B","485G;481N;470T;484E;486F;492L","7CWU_4;7CWU_5","1736","B"
"7CWU.L","7CWU.M","B","485G;481N;470T;484E;486F;492L","7CWU_4;7CWU_5","1736","B"
"7CWU.N","7CWU.O","B","485G;481N;470T;484E;486F;492L","7CWU_4;7CWU_5","1736","B"
"7CYH.C","7CYH.B","D2","506Q;439N;498Q;446G","7CYH_2;7CYH_3","131","F3"
"7CYP.E","7CYP.D","F3","503V;506Q;449Y;498Q;437N;501N;500T;502G","7CYP_2;7CYP_3","131","F3"
"7CYP.G","7CYP.F","F3","503V;506Q;437N;498Q","7CYP_2;7CYP_3","131","F3"
"7CYP.I","7CYP.H","F3","503V;506Q;498Q;437N;500T;440N","7CYP_2;7CYP_3","131","F3"
"7CZP.D","7CZP.E","F3","505Y;409Q;496G;403R;498Q;493Q;408R;501N;449Y;502G;487N;494S","7CZP_2;7CZP_3","1544","F3"
"7CZP.F","7CZP.G","F3","505Y;409Q;496G;403R;498Q;493Q;408R;501N;449Y;502G;487N;494S","7CZP_2;7CZP_3","1544","F3"
"7CZQ.D","7CZQ.E","A","405D;505Y;489Y;420D;415T;503V;473Y;455L;487N;474Q;457R;477S;502G;406E;460N;421Y;416G;475A;476G;403R;501N;500T;494S","7CZQ_2;7CZQ_3","1545","A"
"7CZQ.F","7CZQ.G","A","405D;505Y;489Y;420D;415T;503V;473Y;455L;487N;474Q;457R;477S;502G;406E;460N;421Y;416G;475A;476G;403R;501N;500T;494S","7CZQ_2;7CZQ_3","1545","A"
"7CZR.D","7CZR.E","A","457R;505Y;502G;496G;403R;489Y;455L;501N;420D;487N;421Y;475A","7CZR_2;7CZR_3","1563","A"
"7CZR.F","7CZR.G","A","457R;505Y;502G;496G;403R;489Y;455L;501N;420D;487N;421Y;475A","7CZR_2;7CZR_3","1563","A"
"7CZS.D","7CZS.E","A","457R;505Y;502G;496G;403R;489Y;455L;501N;420D;487N;421Y;475A","7CZS_2;7CZS_3","1563","A"
"7CZS.F","7CZS.G","A","457R;505Y;502G;496G;403R;489Y;455L;501N;420D;487N;421Y;475A","7CZS_2;7CZS_3","1563","A"
"7CZS.H","7CZS.I","A","457R;505Y;502G;496G;403R;489Y;455L;501N;420D;487N;421Y;475A","7CZS_2;7CZS_3","1563","A"
"7CZT.D","7CZT.E","A","409Q;403R;498Q;417K;493Q;477S;494S;415T;421Y","7CZT_2;7CZT_3","1573","A"
"7CZT.F","7CZT.G","A","409Q;403R;498Q;417K;493Q;477S;494S;415T;421Y","7CZT_2;7CZT_3","1573","A"
"7CZU.D","7CZU.E","C","505Y;496G;403R;493Q;494S;449Y;415T;487N;421Y","7CZU_2;7CZU_3","1562","C"
"7CZU.F","7CZU.G","C","505Y;496G;403R;493Q;494S;449Y;415T;487N;421Y","7CZU_2;7CZU_3","1562","C"
"7CZV.D","7CZV.E","C","505Y;496G;403R;493Q;494S;449Y;415T;487N;421Y","7CZV_2;7CZV_3","1562","C"
"7CZV.F","7CZV.G","C","505Y;496G;403R;493Q;494S;449Y;415T;487N;421Y","7CZV_2;7CZV_3","1562","C"
"7CZV.H","7CZV.I","C","505Y;496G;403R;493Q;494S;449Y;415T;487N;421Y","7CZV_2;7CZV_3","1562","C"
"7CZW.D","7CZW.E","C","505Y;485G;417K;489Y;493Q;488C","7CZW_2;7CZW_3","1572","C"
"7CZW.F","7CZW.G","C","505Y;485G;417K;489Y;493Q;488C","7CZW_2;7CZW_3","1572","C"
"7CZX.D","7CZX.E","C","492L;487N;484E;494S","7CZX_2;7CZX_3","1564","C"
"7CZX.F","7CZX.G","C","492L;487N;484E;494S","7CZX_2;7CZX_3","1564","C"
"7CZX.H","7CZX.I","C","492L;487N;484E;494S","7CZX_2;7CZX_3","1564","C"
"7CZY.D","7CZY.E","B","493Q;473Y;487N","7CZY_2;7CZY_3","1571","B"
"7CZY.F","7CZY.G","B","493Q;473Y;487N","7CZY_2;7CZY_3","1571","B"
"7CZZ.D","7CZZ.E","B","493Q;473Y;487N","7CZZ_2;7CZZ_3","1571","B"
"7CZZ.F","7CZZ.G","B","493Q;473Y;487N","7CZZ_2;7CZZ_3","1571","B"
"7CZZ.H","7CZZ.I","B","493Q;473Y;487N","7CZZ_2;7CZZ_3","1571","B"
"7D00.D","7D00.E","A","457R;505Y;502G;496G;403R;489Y;455L;501N;420D;487N;421Y;475A","7D00_2;7D00_3","1563","A"
"7D00.F","7D00.G","A","457R;505Y;502G;496G;403R;489Y;455L;501N;420D;487N;421Y;475A","7D00_2;7D00_3","1563","A"
"7D03.D","7D03.E","C","505Y;485G;417K;489Y;493Q;488C","7D03_2;7D03_3","1572","C"
"7D0B.D","7D0B.E","B","484E","7D0B_2;7D0B_3","1578","B"
"7D0C.D","7D0C.E","A","457R;505Y;487N;417K;455L;477S;458K;415T;460N;474Q;421Y;416G;475A;476G","7D0C_2;7D0C_3","1575","A"
"7D0C.F","7D0C.G","A","457R;505Y;487N;417K;455L;477S;458K;415T;460N;474Q;421Y;416G;475A;476G","7D0C_2;7D0C_3","1575","A"
"7D0D.C","7D0D.D","B","484E","7D0D_2;7D0D_3","1578","B"
"7D0D.E","7D0D.F","B","484E","7D0D_2;7D0D_3","1578","B"
"7D6I.B","7D6I.C","F2","378K;375S;374F;383S;370N;372A;379C;377F","7D6I_2;7D6I_3","1688","F2"
"7DCC.A","7DCC.E","F2","405D;378K;369Y;375S;505Y;383S;382V;403R;379C;377F;380Y;408R;412P;415T;414Q","7DCC_1;7DCC_3","1599","F2"
"7DCC.B","7DCC.I","F2","405D;506Q;378K;376T;369Y;375S;374F;383S;505Y;409Q;403R;380Y;377F;408R;437N;508Y","7DCC_1;7DCC_3","1599","F2"
"7DCC.C","7DCC.F","F2","405D;378K;376T;369Y;375S;505Y;382V;381G;380Y;377F;504G","7DCC_1;7DCC_3","1599","F2"
"7DCX.A","7DCX.E","F2","506Q;375S;376T;505Y;370N;409Q;372A;498Q;380Y;377F;408R;500T","7DCX_1;7DCX_3","1599","F2"
"7DCX.B","7DCX.F","F1","369Y;368L;365Y;367V;370N;385T;366S;372A;437N;373S;371S;440N","7DCX_1;7DCX_3","1599","F2"
"7DCX.D","7DCX.G","F2","405D;415T;427D;457R;381G;386K;372A;379C;455L;408R;412P;428D;373S;460N;421Y;504G","7DCX_1;7DCX_3","1599","F2"
"7DD2.C","7DD2.D","F2","405D;407V;378K;376T;369Y;375S;503V;502G;505Y;379C;377F;504G;415T;410I","7DD2_2;7DD2_3","1599","F2"
"7DD2.F","7DD2.G","F2","503V;376T;369Y;375S;505Y;370N;409Q;372A;379C;377F;408R;508Y;504G","7DD2_2;7DD2_3","1599","F2"
"7DD8.A","7DD8.B","F2","405D;503V;376T;369Y;375S;383S;505Y;409Q;380Y;377F;408R;501N;504G","7DD8_1;7DD8_2","1599","F2"
"7DJZ.A","7DJZ.B","C","453Y;484E;417K;489Y;449Y;487N","7DJZ_1;7DJZ_2","1710","C"
"7DK0.A","7DK0.B","C","490F;485G;450N;484E;498Q;493Q;494S","7DK0_1;7DK0_2","1711","C"
"7DK2.A","7DK2.B","A","505Y;496G;403R;417K;455L;489Y;493Q;449Y;502G;406E;487N;475A","7DK2_1;7DK2_2","1713","A"
"7DK2.D","7DK2.E","A","498Q;417K;455L;489Y;493Q;501N;449Y;502G;406E;487N;475A","7DK2_1;7DK2_2","1713","A"
"7DK2.G","7DK2.H","A","498Q;417K;455L;477S;489Y;493Q;449Y;502G;406E;487N;421Y;475A","7DK2_1;7DK2_2","1713","A"
"7DK2.J","7DK2.K","A","473Y;417K;455L;489Y;493Q;501N;449Y;502G;406E;487N;421Y;475A","7DK2_1;7DK2_2","1713","A"
"7DK4.A","7DK4.B","C","453Y;490F;505Y;484E;403R;498Q;489Y;493Q;501N;487N;488C","7DK4_1;7DK4_2","1596","C"
"7DK4.F","7DK4.G","C","473Y;445V;453Y;490F;505Y;485G;484E;403R;489Y;493Q;475A;488C","7DK4_1;7DK4_2","1596","C"
"7DK4.H","7DK4.I","C","453Y;490F;505Y;484E;496G;403R;417K;489Y;493Q;487N;488C","7DK4_1;7DK4_2","1596","C"
"7DK5.C","7DK5.D","C","473Y;445V;453Y;490F;505Y;485G;486F;484E;403R;489Y;493Q;475A;488C","7DK5_2;7DK5_3","1596","C"
"7DK6.D","7DK6.E","C","473Y;445V;453Y;490F;505Y;486F;484E;496G;403R;417K;489Y;493Q;501N;487N;474Q;475A;488C","7DK6_2;7DK6_3","1596","C"
"7DK6.F","7DK6.G","C","473Y;445V;453Y;490F;486F;484E;498Q;489Y;493Q;487N;494S;475A;488C","7DK6_2;7DK6_3","1596","C"
"7DK7.A","7DK7.B","C","484E;489Y;493Q;449Y;487N","7DK7_1;7DK7_2","1596","C"
"7DK7.E","7DK7.F","C","445V;453Y;490F;505Y;486F;484E;496G;403R;417K;489Y;493Q;487N;475A","7DK7_1;7DK7_2","1596","C"
"7DK7.G","7DK7.H","C","445V;453Y;490F;486F;484E;496G;403R;417K;489Y;493Q;492L;501N;487N;494S;488C","7DK7_1;7DK7_2","1596","C"
"7DPM.A","7DPM.B","F2","503V;378K;369Y;375S;376T;374F;372A;379C;377F;408R;508Y;373S","7DPM_1;7DPM_2","1712","F2"
"7DPM.D","7DPM.E","F2","503V;378K;369Y;375S;376T;374F;372A;379C;377F;408R;437N;508Y;373S","7DPM_1;7DPM_2","1712","F2"
"7DPM.G","7DPM.H","F2","503V;369Y;375S;376T;374F;372A;379C;377F;508Y;373S","7DPM_1;7DPM_2","1712","F2"
"7DPM.J","7DPM.K","F2","503V;506Q;378K;369Y;375S;376T;374F;372A;379C;377F;508Y;373S","7DPM_1;7DPM_2","1712","F2"
"7DX4.C","7DX4.D","E2.2","466R;354N;463P;355R;470T;357R;469S","7DX4_3;7DX4_4","1536","E2.2"
"7E23.B","7E23.C","B","485G;486F;484E;489Y;493Q;487N;494S;475A","7E23_2;7E23_3","366","B"
"7E39.C","7E39.B","B","487N;477S;486F;485G","7E39_2;7E39_3","1603","B"
"7E3B.B","7E3B.C","E2.1","346R;449Y;345T;450N;351Y;352A;441L;442D;448N;349S","7E3B_2;7E3B_3","1609","E2.1"
"7E3C.C","7E3C.B","A","473Y;457R;505Y;403R;417K;455L;489Y;501N;458K;502G;406E;421Y;476G","7E3C_2;7E3C_3","1592","A"
"7E3K.D","7E3K.E","B","486F;484E;493Q;477S;487N;475A","7E3K_2;7E3K_3","1593","B"
"7E3K.F","7E3K.G","B","486F;484E;493Q;477S;487N;475A","7E3K_2;7E3K_3","1593","B"
"7E3K.H","7E3K.I","B","486F;484E;493Q;477S;487N;475A","7E3K_2;7E3K_3","1593","B"
"7E3L.D","7E3L.E","B","473Y;478T;486F;484E;493Q;477S;458K;487N;475A","7E3L_2;7E3L_3","1524","B"
"7E3L.F","7E3L.G","B","473Y;478T;486F;484E;493Q;477S;458K;487N;475A","7E3L_2;7E3L_3","1524","B"
"7E3L.H","7E3L.I","B","473Y;478T;486F;484E;493Q;477S;458K;487N;475A","7E3L_2;7E3L_3","1524","B"
"7E3O.B","7E3O.A","C","450N;484E;444K;470T;493Q;449Y","7E3O_1;7E3O_2","1789","C"
"7E5O.A","7E5O.B","F3","405D;453Y;485G;502G;409Q;498Q;417K;489Y;408R;493Q;449Y;420D;406E;487N;504G","7E5O_1;7E5O_2","1038","F3"
"7E5R.B","7E5R.A","F2","378K;379C;377F;404G;408R;414Q;504G","7E5R_1;7E5R_2","1689","F2"
"7E5R.D","7E5R.C","F2","378K;375S;385T;404G;377F;408R;414Q;504G","7E5R_1;7E5R_2","1689","F2"
"7E5R.F","7E5R.E","F2","378K;375S;379C;377F;404G;408R;414Q","7E5R_1;7E5R_2","1689","F2"
"7E5R.H","7E5R.I","C","489Y;471E;484E","7E5R_4;7E5R_5","1736","B"
"7E5R.J","7E5R.K","C","489Y;471E;484E;482G","7E5R_4;7E5R_5","1736","B"
"7E5R.L","7E5R.M","B","489Y;481N;471E;484E","7E5R_4;7E5R_5","1736","B"
"7E5S.J","7E5S.D","F2","378K;375S;376T;374F;382V;372A;379C;377F;380Y","7E5S_2;7E5S_3","1689","F2"
"7E5S.E","7E5S.F","F2","378K;369Y;375S;374F;370N;381G;386K;379C;377F;414Q","7E5S_2;7E5S_3","1689","F2"
"7E5S.G","7E5S.I","B","485G;481N;470T;484E;486F;492L;449Y;487N;488C","7E5S_4;7E5S_5","1736","B"
"7E5S.H","7E5S.Q","B","481N;470T;484E;486F;489Y;493Q;492L;449Y;487N;488C","7E5S_4;7E5S_5","1736","B"
"7E5S.O","7E5S.L","D2","503V;506Q;445V;498Q;501N","7E5S_7;7E5S_9","131","F3"
"7E5Y.C","7E5Y.B","A","473Y;457R;453Y;505Y;502G;487N;403R;455L;408R;477S;420D;415T;460N;421Y;475A;476G","7E5Y_2;7E5Y_3","1594","A"
"7E5Y.F","7E5Y.E","A","473Y;478T;457R;505Y;487N;403R;489Y;455L;477S;420D;458K;415T;460N;421Y;475A;476G","7E5Y_2;7E5Y_3","1594","A"
"7E7Y.A","7E7Y.B","B","486F;484E;489Y;477S;487N;475A","7E7Y_1;7E7Y_2","1617","B"
"7E7Y.D","7E7Y.E","B","485G;486F;484E;489Y;477S;487N;475A","7E7Y_1;7E7Y_2","1617","B"
"7E86.B","7E86.C","A","490F;505Y;489Y;458K;420D;473Y;455L;487N;457R;484E;496G;417K;502G;460N;421Y;475A;403R;501N;494S","7E86_2;7E86_3","1868","A"
"7E88.A","7E88.B","A","473Y;478T;457R;505Y;403R;489Y;455L;477S;501N;458K;420D;460N;421Y;475A;487N","7E88_1;7E88_2","1869","A"
"7E88.D","7E88.E","A","473Y;478T;457R;505Y;502G;403R;417K;455L;477S;489Y;501N;458K;420D;460N;421Y;475A;487N","7E88_1;7E88_2","1869","A"
"7E88.G","7E88.H","A","473Y;478T;457R;505Y;403R;417K;455L;477S;489Y;501N;420D;460N;421Y;475A;487N","7E88_1;7E88_2","1869","A"
"7E88.J","7E88.K","A","473Y;478T;457R;505Y;502G;403R;489Y;455L;477S;458K;420D;460N;474Q;421Y;475A","7E88_1;7E88_2","1869","A"
"7E8C.D","7E8C.E","A","473Y;457R;453Y;505Y;502G;403R;498Q;489Y;455L;477S;501N;458K;500T;420D;487N;421Y;475A","7E8C_2;7E8C_3","1878","A"
"7E8C.I","7E8C.G","C","481N;450N;484E;482G;492L;449Y","7E8C_5;7E8C_6","1616","C"
"7E8C.K","7E8C.H","C","481N;450N;484E;482G;492L;449Y","7E8C_5;7E8C_6","1616","C"
"7E8C.L","7E8C.N","A","473Y;457R;505Y;502G;403R;498Q;455L;477S;501N;458K;420D;487N;421Y;475A","7E8C_2;7E8C_3","1878","A"
"7E8C.M","7E8C.O","A","473Y;457R;453Y;505Y;502G;403R;498Q;455L;477S;501N;449Y;420D;487N;421Y;475A;500T","7E8C_2;7E8C_3","1878","A"
"7E8C.U","7E8C.T","C","481N;450N;484E;482G;480C;492L;479P","7E8C_5;7E8C_6","1616","C"
"7E8F.D","7E8F.E","C","481N;450N;444K;484E;482G","7E8F_4;7E8F_5","1616","C"
"7E8F.F","7E8F.G","A","405D;473Y;457R;453Y;505Y;502G;496G;403R;498Q;455L;477S;458K;420D;487N;421Y;475A","7E8F_6;7E8F_7","1878","A"
"7E9N.E","7E9N.D","E2.1","346R;466R;354N;340E;450N;470T;482G;471E;468I","7E9N_2;7E9N_3","1598","E2.1"
"7E9N.G","7E9N.F","E2.1","346R;451Y;354N;470T;450N","7E9N_2;7E9N_3","1598","E2.1"
"7E9N.I","7E9N.H","E1","346R;345T","7E9N_2;7E9N_3","1598","E2.1"
"7E9O.E","7E9O.D","C","346R;466R;354N;470T;450N;484E;482G","7E9O_2;7E9O_3","1598","E2.1"
"7E9O.G","7E9O.F","E2.1","346R;466R;354N;345T;481N;351Y","7E9O_2;7E9O_3","1598","E2.1"
"7E9O.I","7E9O.H","E2.1","466R;354N;345T;450N;444K;484E;482G","7E9O_2;7E9O_3","1598","E2.1"
"7E9P.C","7E9P.B","E2.1","346R;466R;345T;481N;470T;351Y;449Y","7E9P_2;7E9P_3","1598","E2.1"
"7E9Q.E","7E9Q.D","E2.1","346R;345T;354N;481N;348A;450N;351Y;347F;343N;483V","7E9Q_2;7E9Q_3","1598","E2.1"
"7E9Q.G","7E9Q.F","E2.1","346R;345T;354N;339G;450N;466R;470T;481N;484E;471E;344A","7E9Q_2;7E9Q_3","1598","E2.1"
"7E9Q.I","7E9Q.H","E2.1","346R;449Y;451Y;354N;340E;348A;444K;450N;466R;351Y;352A;470T;347F;471E;447G;343N;448N","7E9Q_2;7E9Q_3","1598","E2.1"
"7EAM.B","7EAM.C","E2.2","346R;466R;354N;355R;470T;357R;351Y;471E;516E;519H","7EAM_2;7EAM_3","1604","E2.2"
"7EAM.E","7EAM.F","E2.2","346R;466R;354N;355R;470T;357R;351Y;471E;516E;519H","7EAM_2;7EAM_3","1604","E2.2"
"7EAN.B","7EAN.C","E2.2","457R;465E;464F;466R;463P;355R;470T;357R;351Y;471E;516E;459S;396Y","7EAN_2;7EAN_3","1600","E2.2"
"7EH5.B","7EH5.G","B","489Y;477S;474Q;458K","7EH5_2;7EH5_5","1745","B"
"7EH5.M","7EH5.C","F2","404G;371S;408R;374F","7EH5_3;7EH5_4","1743","F2"
"7EH5.D","7EH5.H","B","489Y;477S;474Q;458K","7EH5_2;7EH5_5","1745","B"
"7EH5.E","7EH5.I","B","489Y;477S;474Q;458K","7EH5_2;7EH5_5","1745","B"
"7EH5.L","7EH5.O","F2","404G;371S;408R;374F","7EH5_3;7EH5_4","1743","F2"
"7EH5.F","7EH5.N","F2","404G;371S;408R;374F","7EH5_3;7EH5_4","1743","F2"
"7EJ4.D","7EJ4.E","F3","503V;453Y;505Y;496G;498Q;493Q;449Y;502G;494S;500T","7EJ4_2;7EJ4_3","1744","F3"
"7EJ4.F","7EJ4.G","F3","405D;503V;453Y;505Y;496G;498Q;489Y;493Q;504G;501N;449Y;502G;494S;500T","7EJ4_2;7EJ4_3","1744","F3"
"7EJ4.H","7EJ4.I","D2","503V;453Y;496G;498Q;501N;449Y;502G;494S;500T","7EJ4_2;7EJ4_3","1744","F3"
"7EJ5.D","7EJ5.E","B","478T;486F;489Y;477S;458K;474Q","7EJ5_2;7EJ5_3","1745","B"
"7EJ5.F","7EJ5.G","B","487N;489Y;478T;486F","7EJ5_2;7EJ5_3","1745","B"
"7EJ5.H","7EJ5.I","B","478T;486F;489Y;477S;487N;475A","7EJ5_2;7EJ5_3","1745","B"
"7EJY.B","7EJY.C","A","473Y;490F;502G;484E;496G;403R;417K;455L;489Y;501N;494S;458K;449Y;420D;460N;421Y;475A;487N","7EJY_2;7EJY_3","1863","A"
"7EJZ.B","7EJZ.C","A","490F;505Y;489Y;458K;420D;473Y;455L;487N;484E;496G;498Q;417K;502G;460N;421Y;475A;403R;501N;494S","7EJZ_2;7EJZ_3","1863","A"
"7EK0.B","7EK0.C","A","473Y;453Y;490F;484E;417K;455L;489Y;494S;458K;420D;460N;421Y;475A;487N","7EK0_2;7EK0_3","1863","A"
"7ENF.E","7ENF.D","E2.1","346R;345T;450N;444K;441L;347F;443S;448N;349S","7ENF_2;7ENF_3","1597","E2.1"
"7ENG.B","7ENG.A","E2.1","346R;345T;450N;444K;351Y;442D;441L;347F;443S;509R;448N;440N;349S","7ENG_1;7ENG_2","1597","E2.1"
"7EPX.D","7EPX.E","F3","503V;376T;369Y;375S;372A;502G;504G","7EPX_2;7EPX_3","1537","F3"
"7EPX.F","7EPX.G","F3","503V;376T;369Y;375S;372A;502G;504G","7EPX_2;7EPX_3","1537","F3"
"7F46.C","7F46.D","E1","345T","7F46_2;7F46_3","1598","E2.1"
"7F62.B","7F62.C","F3","503V;453Y;505Y;496G;498Q;493Q;449Y;502G;494S;500T","7F62_2;7F62_3","1744","F3"
"7F63.B","7F63.C","B","478T;486F;489Y;458K;474Q","7F63_2;7F63_3","1745","B"
"7F7E.A","7F7E.B","E2.1","345T;451Y;442D;441L;443S;343N;440N;439N","7F7E_1;7F7E_2","1700","E2.1"
"7FAE.D","7FAE.G","D2","346R;445V;450N;441L;447G;440N","7FAE_2;7FAE_3","5771","D2"
"7FAE.F","7FAE.I","D2","346R;445V;450N;441L;447G;440N","7FAE_2;7FAE_3","5771","D2"
"7FAE.H","7FAE.E","D2","346R;445V;450N;441L;447G;440N","7FAE_2;7FAE_3","5771","D2"
"7FAF.B","7FAF.C","D2","346R;445V;446G;347F;449Y;440N","7FAF_2;7FAF_3","5771","D2"
"7FAF.E","7FAF.D","E2.1","346R;446G;345T;450N;347F;447G;449Y","7FAF_2;7FAF_3","5771","D2"
"7FAF.G","7FAF.F","E2.1","346R;445V;348A;450N;347F;447G","7FAF_2;7FAF_3","5771","D2"
"7JMO.B","7JMO.C","A","473Y;457R;453Y;505Y;502G;487N;403R;417K;455L;494S;458K;500T;420D;460N;421Y;475A;476G","7JMO_2;7JMO_3","3589","A"
"7JMP.B","7JMP.C","B","486F;484E;489Y;493Q;449Y;487N","7JMP_2;7JMP_3","3624","B"
"7JMW.B","7JMW.C","F2","427D;369Y;429F;385T;379C;408R;412P;415T;414Q;413G","7JMW_2;7JMW_3","3574","F2"
"7JV2.A","7JV2.B","B","485G;446G;486F;484E;449Y","7JV2_1;7JV2_2","1760","B"
"7JV4.D","7JV4.E","B","486F","7JV4_2;7JV4_3","1760","B"
"7JV4.F","7JV4.G","B","486F","7JV4_2;7JV4_3","1760","B"
"7JV4.H","7JV4.I","B","486F","7JV4_2;7JV4_3","1760","B"
"7JV6.B","7JV6.C","B","486F;484E;449Y","7JV6_2;7JV6_3","1760","B"
"7JV6.E","7JV6.F","B","486F;484E;449Y","7JV6_2;7JV6_3","1760","B"
"7JV6.H","7JV6.I","B","486F;484E;449Y","7JV6_2;7JV6_3","1760","B"
"7JVA.A","7JVA.B","F2","378K;375S;374F;383S;370N;379C;377F;408R;414Q;371S","7JVA_1;7JVA_2","1757","F2"
"7JVC.B","7JVC.C","F2","377F","7JVC_2;7JVC_3","1757","F2"
"7JVC.E","7JVC.F","F2","377F","7JVC_2;7JVC_3","1757","F2"
"7JVC.H","7JVC.I","F2","377F","7JVC_2;7JVC_3","1757","F2"
"7JW0.C","7JW0.B","F2","379C;380Y","7JW0_2;7JW0_3","1768","F2"
"7JW0.F","7JW0.E","F2","379C;380Y","7JW0_2;7JW0_3","1768","F2"
"7JW0.I","7JW0.H","F2","379C;380Y","7JW0_2;7JW0_3","1768","F2"
"7JX3.B","7JX3.A","E1","346R;334N;345T;339G;340E;356K;343N","7JX3_1;7JX3_2","1769","E1"
"7JX3.D","7JX3.C","D2","505Y;446G;496G;403R;498Q;489Y;493Q;501N;449Y;502G;500T","7JX3_3;7JX3_4","1761","D2"
"7JX3.F","7JX3.E","F1","427D;429F;383S;382V;370N;385T;381G;379C;412P","7JX3_5;7JX3_6","1768","F2"
"7K43.B","7K43.C","E1","373S;342F","7K43_2;7K43_3","1764","E1"
"7K43.E","7K43.F","E1","373S;342F","7K43_2;7K43_3","1764","E1"
"7K43.H","7K43.I","E1","373S;342F","7K43_2;7K43_3","1764","E1"
"7K45.A","7K45.B","B","473Y;486F;477S;487N;475A","7K45_1;7K45_2","1759","B"
"7K4N.B","7K4N.C","B","475A","7K4N_2;7K4N_3","1759","B"
"7K4N.E","7K4N.F","B","475A","7K4N_2;7K4N_3","1759","B"
"7K4N.H","7K4N.I","B","475A","7K4N_2;7K4N_3","1759","B"
"7K8M.A","7K8M.B","A","473Y;457R;453Y;505Y;502G;417K;455L;477S;489Y;501N;458K;420D;421Y;475A","7K8M_1;7K8M_2","2590","A"
"7K8S.D","7K8S.E","C","481N;484E;489Y;493Q;471E;494S","7K8S_2;7K8S_3","2499","C"
"7K8S.F","7K8S.G","C","490F;481N;484E;489Y;493Q;471E","7K8S_2;7K8S_3","2499","C"
"7K8S.H","7K8S.I","B","493Q;484E;485G","7K8S_2;7K8S_3","2499","C"
"7K8T.D","7K8T.E","B","490F;485G;486F;493Q;487N","7K8T_2;7K8T_3","2499","C"
"7K8T.F","7K8T.G","C","453Y;481N;470T;484E;492L","7K8T_2;7K8T_3","2499","C"
"7K8T.H","7K8T.I","C","473Y;485G;481N;484E;489Y;493Q;492L","7K8T_2;7K8T_3","2499","C"
"7K8U.D","7K8U.E","F2","408R","7K8U_2;7K8U_3","2611","F2"
"7K8V.D","7K8V.E","E2.1","509R","7K8V_2;7K8V_3","2644","E2.1"
"7K8V.F","7K8V.G","E2.1","346R;509R","7K8V_2;7K8V_3","2644","E2.1"
"7K8W.D","7K8W.E","D2","445V;446G;450N;444K;498Q;493Q;449Y","7K8W_2;7K8W_3","2673","D2"
"7K8W.F","7K8W.G","D2","445V;446G;450N;444K;403R;498Q;493Q;449Y","7K8W_2;7K8W_3","2673","D2"
"7K8X.D","7K8X.F","C","485G;484E;489Y;449Y;494S","7K8X_2;7K8X_3","2689","C"
"7K8X.E","7K8X.G","C","489Y;444K;484E;449Y","7K8X_2;7K8X_3","2689","C"
"7K8Y.D","7K8Y.E","C","489Y;484E;498Q;449Y","7K8Y_2;7K8Y_3","2689","C"
"7K8Z.D","7K8Z.E","E2.1","441L;346R;440N;439N","7K8Z_2;7K8Z_3","2808","E1"
"7K8Z.F","7K8Z.G","E1","441L;440N;439N;345T","7K8Z_2;7K8Z_3","2808","E1"
"7K90.D","7K90.G","F1","367V;371S","7K90_2;7K90_3","2879","F1"
"7K90.E","7K90.H","F1","367V","7K90_2;7K90_3","2879","F1"
"7K90.F","7K90.I","F1","367V","7K90_2;7K90_3","2879","F1"
"7K9H.D","7K9H.F","C","484E;489Y;493Q;449Y;494S","7K9H_2;7K9H_3","178","C"
"7K9H.E","7K9H.G","C","490F;489Y;492L;449Y;494S","7K9H_2;7K9H_3","178","C"
"7K9I.B","7K9I.C","C","493Q;494S;484E;490F","7K9I_2;7K9I_3","178","C"
"7K9J.D","7K9J.G","E1","346R;345T;340E;441L;443S;343N;440N","7K9J_2;7K9J_3","188","E1"
"7K9J.E","7K9J.H","E1","346R;345T;340E;441L;443S;343N;440N","7K9J_2;7K9J_3","188","E1"
"7K9J.F","7K9J.I","E1","346R;345T;340E;441L;443S;343N;440N","7K9J_2;7K9J_3","188","E1"
"7K9K.B","7K9K.C","E2.1","346R;345T;450N;441L;443S;343N;440N","7K9K_2;7K9K_3","188","E1"
"7K9Z.A","7K9Z.B","E2.2","346R;465E;466R;355R;470T;357R;482G;471E","7K9Z_1;7K9Z_2","3727","E2.2"
"7K9Z.D","7K9Z.C","B","478T;486F;484E;489Y;477S;487N;475A","7K9Z_3;7K9Z_4","3724","B"
"7KFV.C","7KFV.D","A","505Y;489Y;458K;415T;473Y;455L;487N;457R;496G;498Q;417K;493Q;502G;460N;421Y;416G;475A;453Y;403R;495Y;501N;500T;494S","7KFV_2;7KFV_3","1649","A"
"7KFV.F","7KFV.G","A","505Y;489Y;415T;473Y;455L;487N;457R;496G;498Q;417K;493Q;502G;460N;421Y;416G;475A;453Y;403R;495Y;494S","7KFV_2;7KFV_3","1649","A"
"7KFV.H","7KFV.I","A","505Y;489Y;458K;415T;473Y;455L;487N;457R;496G;498Q;417K;493Q;502G;460N;421Y;416G;475A;453Y;403R;495Y;501N;494S","7KFV_2;7KFV_3","1649","A"
"7KFW.C","7KFW.D","A","489Y;458K;420D;415T;473Y;455L;487N;457R;496G;498Q;417K;493Q;460N;421Y;416G;475A;453Y;403R;494S","7KFW_2;7KFW_3","1650","A"
"7KFW.F","7KFW.G","A","473Y;457R;453Y;403R;417K;455L;489Y;493Q;501N;458K;420D;460N;421Y;475A;487N","7KFW_2;7KFW_3","1650","A"
"7KFW.H","7KFW.I","A","489Y;458K;420D;415T;473Y;455L;487N;457R;496G;498Q;417K;493Q;408R;502G;460N;421Y;416G;475A;453Y;403R;501N;494S","7KFW_2;7KFW_3","1650","A"
"7KFX.B","7KFX.C","A","505Y;489Y;458K;420D;415T;473Y;455L;487N;474Q;457R;498Q;417K;493Q;421Y;416G;475A;453Y;403R;500T","7KFX_2;7KFX_3","1651","A"
"7KFY.B","7KFY.C","A","473Y;457R;453Y;502G;403R;498Q;417K;455L;489Y;493Q;501N;420D;458K;415T;487N;421Y;416G;475A","7KFY_2;7KFY_3","1652","A"
"7KLG.A","7KLG.B","A","473Y;490F;505Y;484E;403R;417K;489Y;477S;458K;420D;460N;421Y;487N","7KLG_1;7KLG_2","1686","A"
"7KLG.C","7KLG.D","A","473Y;490F;505Y;484E;403R;417K;489Y;477S;420D;460N;421Y;487N","7KLG_1;7KLG_2","1686","A"
"7KLH.A","7KLH.B","A","473Y;490F;505Y;484E;403R;417K;489Y;420D;460N;421Y;475A;487N","7KLH_1;7KLH_2","1687","A"
"7KLH.C","7KLH.D","A","473Y;490F;505Y;484E;403R;417K;489Y;420D;460N;421Y;475A;487N","7KLH_1;7KLH_2","1687","A"
"7KMG.A","7KMG.B","C","486F;484E;482G;489Y;493Q;494S","7KMG_1;7KMG_2","127","B"
"7KMG.D","7KMG.E","B","485G;486F;484E;482G;493Q;494S","7KMG_1;7KMG_2","127","B"
"7KMH.A","7KMH.B","A","473Y;457R;505Y;502G;487N;403R;417K;455L;489Y;420D;458K;415T;460N;421Y;416G;475A;476G","7KMH_1;7KMH_2","1706","A"
"7KMI.A","7KMI.B","A","473Y;505Y;502G;496G;403R;498Q;489Y;455L;495Y;501N;458K;500T;420D;487N;421Y;475A","7KMI_1;7KMI_2","1705","A"
"7KMK.E","7KMK.D","A","490F;505Y;403R;417K;455L;493Q;487N;488C","7KMK_2;7KMK_3","1687","A"
"7KMK.G","7KMK.F","A","505Y;403R;417K;455L;493Q;487N;488C","7KMK_2;7KMK_3","1687","A"
"7KML.E","7KML.D","A","403R;417K;489Y;493Q;487N;421Y;475A","7KML_2;7KML_3","1687","A"
"7KML.G","7KML.F","A","403R;417K;489Y;493Q;487N;421Y;475A","7KML_2;7KML_3","1687","A"
"7KML.I","7KML.H","A","403R;417K;489Y;493Q;487N;421Y;475A","7KML_2;7KML_3","1687","A"
"7KN3.C","7KN3.D","B","486F;484E;489Y;493Q;477S;495Y;449Y;502G;487N;494S;475A;488C","7KN3_2;7KN3_3","1750","B"
"7KN3.E","7KN3.F","B","486F;484E;488C;489Y;493Q;477S;495Y;501N;449Y;494S;475A;476G","7KN3_2;7KN3_3","1750","B"
"7KN4.C","7KN4.D","C","490F;484E;403R;493Q;492L;501N;487N;494S;475A","7KN4_2;7KN4_3","1751","C"
"7KN4.E","7KN4.F","C","490F;505Y;484E;403R;489Y;493Q;492L;487N;494S;475A","7KN4_2;7KN4_3","1751","C"
"7KN6.C","7KN6.D","A","473Y;457R;505Y;496G;403R;417K;455L;489Y;501N;458K;420D;487N;421Y;475A","7KN6_3;7KN6_4","391","A"
"7KN7.C","7KN7.D","A","473Y;457R;505Y;403R;417K;455L;489Y;458K;420D;487N;421Y;475A;476G","7KN7_3;7KN7_4","391","A"
"7KQB.D","7KQB.E","B","481N;486F;484E;482G;489Y","7KQB_2;7KQB_3","1613","B"
"7KQB.F","7KQB.G","B","481N;486F;484E;493Q;471E;487N","7KQB_2;7KQB_3","1613","B"
"7KQE.A","7KQE.B","F2","378K;375S;376T;374F;383S;379C;377F;408R;371S","7KQE_1;7KQE_2","1612","F2"
"7KQE.F","7KQE.G","F2","378K;375S;376T;374F;383S;379C;377F;408R;371S","7KQE_1;7KQE_2","1612","F2"
"7KQE.H","7KQE.I","F2","378K;375S;376T;374F;383S;379C;377F;408R;371S","7KQE_1;7KQE_2","1612","F2"
"7KS9.B","7KS9.A","A","405D;505Y;489Y;420D;415T;504G;473Y;455L;487N;457R;496G;498Q;417K;493Q;421Y;416G;475A;453Y;403R;495Y;501N;500T;494S","7KS9_1;7KS9_2","224","A"
"7KXJ.E","7KXJ.D","A","505Y;403R;417K;487N;421Y","7KXJ_2;7KXJ_3","1687","A"
"7KXJ.G","7KXJ.F","A","473Y;453Y;505Y;409Q;403R;417K;487N;421Y;475A","7KXJ_2;7KXJ_3","1687","A"
"7KXJ.I","7KXJ.H","C","473Y;490F;484E;417K;492L;487N","7KXJ_2;7KXJ_3","1687","A"
"7KXK.E","7KXK.D","B","505Y;485G;403R;489Y;487N;475A;488C","7KXK_2;7KXK_3","1687","A"
"7KXK.G","7KXK.F","A","505Y;403R;417K;492L;487N","7KXK_2;7KXK_3","1687","A"
"7KXK.I","7KXK.H","B","505Y;485G;403R;489Y;487N;488C","7KXK_2;7KXK_3","1687","A"
"7KZB.A","7KZB.B","F1","378K;369Y;368L;383S;385T;381G;377F;371S","7KZB_1;7KZB_2","3644","F1"
"7KZB.D","7KZB.E","A","405D;417K;477S;487N;475A","7KZB_4;7KZB_5","3647","A"
"7L3N.D","7L3N.E","B","453Y;485G;486F;484E;482G;493Q;494S;488C","7L3N_2;7L3N_3","127","B"
"7L56.D","7L56.E","C","486F;484E;494S;449Y","7L56_2;7L56_3","960","C"
"7L56.F","7L56.I","B","486F;484E;449Y","7L56_2;7L56_3","960","C"
"7L56.G","7L56.H","C","486F;484E;494S;449Y","7L56_2;7L56_3","960","C"
"7L5B.B","7L5B.C","C","486F;484E;493Q;449Y;494S","7L5B_2;7L5B_3","954","C"
"7L7D.A","7L7D.B","B","478T;493Q;477S;487N;475A","7L7D_1;7L7D_2","1611","B"
"7L7E.A","7L7E.B","B","485G;493Q;477S;487N;475A","7L7E_1;7L7E_2","1611","B"
"7L7E.C","7L7E.D","D2","346R;445V;446G;450N;444K;492L;449Y","7L7E_3;7L7E_4","1610","D2"
"7L7E.E","7L7E.F","D2","346R;445V;450N;444K;441L;449Y","7L7E_3;7L7E_4","1610","D2"
"7L7E.G","7L7E.J","B","478T;493Q;477S;487N;475A","7L7E_1;7L7E_2","1611","B"
"7L7E.H","7L7E.I","B","485G;493Q;477S;487N;475A;476G","7L7E_1;7L7E_2","1611","B"
"7L7E.K","7L7E.L","D2","346R;445V;446G;450N;444K;484E;449Y;494S","7L7E_3;7L7E_4","1610","D2"
"7L7E.M","7L7E.N","D2","445V;446G;450N;444K;484E;492L;449Y;494S","7L7E_3;7L7E_4","1610","D2"
"7L7E.O","7L7E.P","B","485G;486F;493Q;477S;487N;475A","7L7E_1;7L7E_2","1611","B"
"7LAA.C","7LAA.D","C","481N;486F;484E;493Q;471E;492L;449Y;494S","7LAA_2;7LAA_3","0","C"
"7LD1.D","7LD1.E","F2","405D;369Y;376T;374F;409Q;372A;379C;377F;408R;414Q;415T;371S","7LD1_2;7LD1_3","6","F2"
"7LD1.F","7LD1.G","F2","378K;369Y;374F;372A;379C;377F;417K;371S","7LD1_2;7LD1_3","6","F2"
"7LD1.H","7LD1.I","F2","378K;369Y;375S;374F;379C;377F;501N","7LD1_2;7LD1_3","6","F2"
"7LJR.D","7LJR.E","B","490F;446G;481N;486F;484E;482G;492L;487N;494S;479P","7LJR_2;7LJR_3","2","B"
"7LM8.B","7LM8.C","F2","427D;369Y;429F;381G;379C;377F;408R;414Q;415T;371S;413G","7LM8_2;7LM8_3","3574","F2"
"7LM8.D","7LM8.E","D1","450N;444K;441L;343N;436W;440N","7LM8_4;7LM8_5","933","D1"
"7LOP.A","7LOP.B","F1","378K;383S;385T;381G;386K;379C;377F;408R","7LOP_1;7LOP_2","808","F1"
"7LOP.C","7LOP.D","F1","378K;385T;381G;386K;379C;377F","7LOP_1;7LOP_2","808","F1"
"7LOP.F","7LOP.G","C","485G;446G;484E;498Q;493Q;492L;449Y","7LOP_4;7LOP_5","868","C"
"7LOP.H","7LOP.I","C","485G;446G;484E;498Q;493Q;492L;449Y","7LOP_4;7LOP_5","868","C"
"7LQ7.C","7LQ7.D","B","478T;485G;486F;489Y;493Q;477S;487N","7LQ7_2;7LQ7_3","936","B"
"7LQ7.F","7LQ7.G","B","478T;485G;486F;489Y;493Q;477S;487N","7LQ7_2;7LQ7_3","936","B"
"7LQ7.M","7LQ7.H","B","485G;486F;489Y;493Q;477S;487N","7LQ7_2;7LQ7_3","936","B"
"7LQ7.I","7LQ7.J","F2","427D;369Y;429F;379C;414Q;408R;415T;371S;413G","7LQ7_4;7LQ7_5","3574","F2"
"7LQ7.K","7LQ7.N","F2","427D;369Y;429F;379C;414Q;408R;415T;371S;413G","7LQ7_4;7LQ7_5","3574","F2"
"7LQ7.L","7LQ7.O","F2","427D;369Y;429F;379C;414Q;408R;415T;371S;413G","7LQ7_4;7LQ7_5","3574","F2"
"7LRS.B","7LRS.C","B","487N;475A","7LRS_2;7LRS_3","228","B"
"7LRT.A","7LRT.B","B","487N;478T;484E;475A","7LRT_1;7LRT_2","228","B"
"7LRT.C","7LRT.D","B","487N;478T;484E;475A","7LRT_1;7LRT_2","228","B"
"7LRT.E","7LRT.F","B","478T;486F;477S;487N;475A","7LRT_1;7LRT_2","228","B"
"7LS9.B","7LS9.C","D2","446G;470T;450N;498Q;493Q;447G;449Y;494S","7LS9_2;7LS9_3","951","D2"
"7LS9.E","7LS9.F","D2","446G;470T;450N;498Q;493Q;447G;449Y;494S","7LS9_2;7LS9_3","951","D2"
"7LS9.H","7LS9.I","D2","445V;446G;450N;470T;498Q;493Q;447G;449Y;494S","7LS9_2;7LS9_3","951","D2"
"7LSS.E","7LSS.D","D2","445V;446G;450N;444K;447G;500T;440N;439N","7LSS_2;7LSS_3","962","D2"
"7LXY.C","7LXY.B","E1","373S;342F","7LXY_2;7LXY_3","1764","E1"
"7LXY.H","7LXY.G","E1","373S;342F","7LXY_2;7LXY_3","1764","E1"
"7LXY.M","7LXY.L","E1","373S;342F","7LXY_2;7LXY_3","1764","E1"
"7LXZ.C","7LXZ.B","E1","373S;342F","7LXZ_2;7LXZ_3","1764","E1"
"7LXZ.H","7LXZ.G","E1","373S;342F","7LXZ_2;7LXZ_3","1764","E1"
"7LXZ.M","7LXZ.L","E1","373S;342F","7LXZ_2;7LXZ_3","1764","E1"
"7LY2.C","7LY2.B","E1","373S;342F","7LY2_2;7LY2_3","1764","E1"
"7LY2.H","7LY2.G","E1","373S;342F","7LY2_2;7LY2_3","1764","E1"
"7LY2.M","7LY2.L","E1","373S;342F","7LY2_2;7LY2_3","1764","E1"
"7M3I.A","7M3I.B","F1","378K;375S;383S;382V;385T;386K;379C;377F;437N;508Y","7M3I_1;7M3I_2","928","F1"
"7M3I.D","7M3I.E","F1","378K;375S;383S;385T;386K;379C;377F;508Y","7M3I_1;7M3I_2","928","F1"
"7M42.B","7M42.A","C","485G;486F;484E;493Q;492L;449Y","7M42_1;7M42_2","4106","C"
"7M42.E","7M42.D","F2","405D;378K;375S;408R;414Q","7M42_4;7M42_5","1746","F2"
"7M6D.A","7M6D.B","F1","378K;430T;370N;517L;381G;386K;379C;377F;380Y","7M6D_1;7M6D_2","808","F1"
"7M6D.D","7M6D.E","A","473Y;457R;403R;417K;455L;420D;415T;460N;474Q;421Y;475A;487N","7M6D_4;7M6D_5","2457","A"
"7M6E.C","7M6E.G","E1","346R;345T;339G;444K;441L;448N;373S;440N","7M6E_2;7M6E_3","2431","E1"
"7M6E.E","7M6E.H","E1","345T;339G;444K;441L;342F;437N;343N;448N;373S;440N","7M6E_2;7M6E_3","2431","E1"
"7M6E.F","7M6E.I","E1","345T;444K;441L;342F;343N;448N;373S;440N","7M6E_2;7M6E_3","2431","E1"
"7M6F.C","7M6F.D","F3","502G;421Y","7M6F_2;7M6F_3","2407","F3"
"7M6F.F","7M6F.G","A","421Y;475A","7M6F_2;7M6F_3","2407","F3"
"7M6G.D","7M6G.F","D2","445V;450N;444K;447G;449Y","7M6G_2;7M6G_3","2473","D2"
"7M6G.E","7M6G.G","D1","492L;450N;444K","7M6G_2;7M6G_3","2473","D2"
"7M6H.D","7M6H.F","C","490F;486F;482G;489Y;493Q;449Y;494S","7M6H_2;7M6H_3","2479","C"
"7M6H.E","7M6H.G","C","505Y;484E;482G;417K;489Y;493Q;492L;498Q;449Y;494S","7M6H_2;7M6H_3","2479","C"
"7M6I.D","7M6I.E","C","473Y;485G;482G;493Q;449Y;483V","7M6I_2;7M6I_3","2409","C"
"7M6I.F","7M6I.G","C","473Y;484E;449Y;483V;494S","7M6I_2;7M6I_3","2409","C"
"7M71.C","7M71.D","B","481N;470T;484E;486F;482G;493Q;471E;487N","7M71_2;7M71_3","1613","B"
"7M7B.B","7M7B.C","F2","378K;375S;376T;374F;383S;379C;377F;408R;414Q;371S","7M7B_2;7M7B_3","1612","F2"
"7M7W.B","7M7W.A","F2","405D;503V;383S;374F;370N;385T;379C;377F;408R;504G","7M7W_1;7M7W_2","1765","F3"
"7M7W.D","7M7W.C","E3","462K;357R;428D;516E;519H;514S;464F","7M7W_3;7M7W_4","1762","E3"
"7M7W.F","7M7W.E","F3","405D;503V;375S;374F;370N;379C;377F;404G;408R;501N;504G","7M7W_1;7M7W_2","1765","F3"
"7M7W.H","7M7W.G","E3","462K;357R;428D;516E;519H;514S;464F","7M7W_3;7M7W_4","1762","E3"
"7MF1.B","7MF1.C","C","450N;484E;470T;482G;494S","7MF1_2;7MF1_3","1787","C"
"7MJJ.D","7MJJ.E","A","473Y;457R;453Y;505Y;403R;501Y;417K;455L;489Y;493Q;420D;415T;487N;421Y;416G;475A","7MJJ_2;7MJJ_3","1587","A"
"7MJJ.F","7MJJ.G","A","473Y;457R;453Y;505Y;403R;501Y;417K;455L;489Y;493Q;420D;415T;487N;421Y;416G;475A","7MJJ_2;7MJJ_3","1587","A"
"7MKL.D","7MKL.E","D2","443S;444K;440N;445V","7MKL_2;7MKL_3","1271","D2"
"7MKM.B","7MKM.C","D2","445V;450N;444K;441L;443S;440N","7MKM_2;7MKM_3","1271","D2"
"7MLZ.B","7MLZ.C","B","473Y;493Q;477S;474Q;475A","7MLZ_2;7MLZ_3","235","B"
"7MM0.A","7MM0.B","B","473Y;480C;493Q;477S;474Q;475A","7MM0_1;7MM0_2","235","B"
"7MMO.A","7MMO.B","F2","408R","7MMO_1;7MMO_2","132","F2"
"7MMO.D","7MMO.E","F2","408R","7MMO_1;7MMO_2","132","F2"
"7MSQ.C","7MSQ.D","F2","375S;376T;379C;377F;408R","7MSQ_2;7MSQ_3","1812","F2"
"7MSQ.E","7MSQ.F","F2","376T;369Y;375S;379C;377F;408R","7MSQ_2;7MSQ_3","1812","F2"
"7MW2.C","7MW2.B","B","485G;484E;498Q;493Q;487N;475A","7MW2_2;7MW2_3","1696","B"
"7MW2.F","7MW2.E","B","485G;484E;498Q;493Q;487N;475A","7MW2_2;7MW2_3","1696","B"
"7MW2.I","7MW2.H","B","485G;484E;498Q;493Q;449Y;487N;475A","7MW2_2;7MW2_3","1696","B"
"7MW3.B","7MW3.A","C","","7MW3_1;7MW3_2","1696","B"
"7MW3.F","7MW3.E","B","485G;484E;482G;493Q;498Q;475A","7MW3_1;7MW3_2","1696","B"
"7MW3.I","7MW3.H","C","485G;484E;498Q;493Q;487N;494S","7MW3_1;7MW3_2","1696","B"
"7MW4.C","7MW4.B","C","485G;484E;498Q;449Y","7MW4_2;7MW4_3","1696","B"
"7MW4.F","7MW4.E","C","485G;484E;498Q;417K;493Q;475A","7MW4_2;7MW4_3","1696","B"
"7MW4.I","7MW4.H","B","493Q;484E;475A;485G","7MW4_2;7MW4_3","1696","B"
"7MW5.B","7MW5.A","B","485G;481N;486F;484E;487N;488C","7MW5_1;7MW5_2","1695","B"
"7MW5.F","7MW5.E","B","481N;484E;482G;477S;487N","7MW5_1;7MW5_2","1695","B"
"7MW5.I","7MW5.H","B","489Y;477S;484E","7MW5_1;7MW5_2","1695","B"
"7MW6.C","7MW6.B","B","480C;481N;484E;482G","7MW6_2;7MW6_3","1695","B"
"7MW6.E","7MW6.D","B","481N;486F;484E;482G;487N","7MW6_2;7MW6_3","1695","B"
"7MW6.I","7MW6.H","B","490F;485G;481N;484E;482G;417K;480C;493Q","7MW6_2;7MW6_3","1695","B"
"7MZF.B","7MZF.C","A","489Y;458K;420D;415T;473Y;455L;487N;474Q;457R;417K;477S;460N;421Y;416G;475A;453Y;403R;501N;500T","7MZF_2;7MZF_3","4035","A"
"7MZG.A","7MZG.B","A","405D;489Y;458K;420D;415T;473Y;455L;487N;484E;496G;493Q;502G;460N;421Y;416G;475A;403R;495Y;501N","7MZG_1;7MZG_2","4039","A"
"7MZH.B","7MZH.C","B","485G;484E;489Y;493Q;487N","7MZH_2;7MZH_3","4407","B"
"7MZH.E","7MZH.F","B","485G;484E;489Y;493Q;449Y;487N","7MZH_2;7MZH_3","4407","B"
"7MZI.B","7MZI.A","A","473Y;505Y;403R;417K;489Y;477S;493Q;458K;421Y;476G","7MZI_1;7MZI_2","4418","A"
"7MZJ.B","7MZJ.A","A","473Y;505Y;403R;417K;489Y;477S;493Q;458K;421Y;476G","7MZJ_1;7MZJ_2","4418","A"
"7MZJ.E","7MZJ.D","A","473Y;505Y;417K;489Y;477S;458K;421Y;476G","7MZJ_1;7MZJ_2","4418","A"
"7MZJ.H","7MZJ.G","D1","346R;445V;450N;444K;470T;441L;493Q;494S;447G;448N;440N","7MZJ_4;7MZJ_5","4072","D2"
"7MZJ.I","7MZJ.J","D2","346R;445V;449Y;450N;444K;484E;441L;447G;448N;494S","7MZJ_4;7MZJ_5","4072","D2"
"7MZK.A","7MZK.J","A","473Y;505Y;417K;489Y;477S;458K;421Y;476G","7MZK_1;7MZK_3","4418","A"
"7MZK.D","7MZK.C","A","473Y;505Y;403R;417K;489Y;477S;458K;415T;421Y;476G","7MZK_1;7MZK_3","4418","A"
"7MZK.F","7MZK.G","D2","443S;445V;440N","7MZK_4;7MZK_5","4073","D2"
"7MZK.H","7MZK.I","D2","443S;445V;440N","7MZK_4;7MZK_5","4073","D2"
"7MZL.B","7MZL.C","C","473Y;457R;453Y;505Y;485G;486F;403R;498Q;489Y;493Q;477S;494S;449Y;487N;421Y;475A","7MZL_2;7MZL_3","3974","C"
"7MZM.A","7MZM.B","E2.1","346R;354N;355R;450N;357R;484E;352A;449Y;349S","7MZM_1;7MZM_2","3979","E2.1"
"7MZN.B","7MZN.C","A","505Y;489Y;458K;420D;415T;473Y;455L;487N;457R;485G;498Q;493Q;502G;460N;421Y;475A;488C;476G;403R;501N","7MZN_2;7MZN_3","3995","A"
"7N3I.B","7N3I.C","A","473Y;457R;502G;403R;417K;455L;489Y;493Q;420D;458K;500T;415T;460N;421Y;416G;475A;487N","7N3I_2;7N3I_3","2570","A"
"7N4I.A","7N4I.B","A","462K;465E;466R;463P;481N;469S;471E;467D;464F","7N4I_1;7N4I_2","1381","A"
"7N4J.B","7N4J.C","D2","505Y;446G;450N;484E;444K;496G;498Q;493Q;449Y;494S","7N4J_2;7N4J_3","1394","D2"
"7N4L.B","7N4L.C","B","489Y;473Y;487N;485G","7N4L_2;7N4L_3","1388","B"
"7N4M.A","7N4M.C","F2","378K;375S;370N;372A;379C;377F;371S","7N4M_1;7N4M_3","1391","F2"
"7N5H.D","7N5H.E","F2","427D;369Y;379C;377F;408R;420D;415T;371S;460N;413G","7N5H_2;7N5H_3","957","F2"
"7N5H.F","7N5H.G","F2","427D;369Y;379C;377F;408R;420D;415T;371S;460N;413G","7N5H_2;7N5H_3","957","F2"
"7N5H.H","7N5H.I","F2","427D;369Y;379C;377F;408R;420D;415T;371S;460N;413G","7N5H_2;7N5H_3","957","F2"
"7N64.C","7N64.D","C","346R;345T;481N;450N;482G;483V","7N64_2;7N64_3","997","C"
"7ND3.D","7ND3.E","A","505Y;489Y;458K;420D;473Y;455L;487N;457R;496G;498Q;417K;477S;502G;460N;421Y;475A;476G;453Y;403R","7ND3_2;7ND3_3","1667","A"
"7ND4.D","7ND4.E","A","505Y;485G;486F;403R;417K;455L;500T;502G;487N","7ND4_2;7ND4_3","1671","C"
"7ND4.F","7ND4.G","F3","505Y;485G;403R;417K;493Q;500T;502G;487N","7ND4_2;7ND4_3","1671","C"
"7ND4.H","7ND4.I","C","505Y;485G;486F;403R;417K;489Y;500T;502G;487N;488C","7ND4_2;7ND4_3","1671","C"
"7ND5.D","7ND5.E","A","505Y;489Y;458K;420D;415T;473Y;455L;487N;457R;496G;498Q;417K;493Q;408R;477S;502G;460N;421Y;416G;475A;476G;403R;501N;500T","7ND5_2;7ND5_3","1656","A"
"7ND6.D","7ND6.E","A","405D;505Y;409Q;489Y;458K;420D;473Y;455L;487N;496G;498Q;417K;502G;421Y;475A;476G;403R;501N;500T","7ND6_2;7ND6_3","1657","A"
"7ND7.D","7ND7.E","C","486F;484E;493Q;492L;449Y;494S","7ND7_2;7ND7_3","1665","C"
"7ND7.F","7ND7.G","C","486F;484E;493Q;492L;449Y;494S","7ND7_2;7ND7_3","1665","C"
"7ND7.H","7ND7.I","C","486F;484E;493Q;492L;449Y;494S","7ND7_2;7ND7_3","1665","C"
"7ND8.D","7ND8.E","B","486F;484E;482G","7ND8_2;7ND8_3","1666","B"
"7ND9.D","7ND9.E","B","473Y;478T;477S;487N;475A","7ND9_2;7ND9_3","1662","B"
"7NDA.D","7NDA.E","B","473Y;493Q;477S;487N;475A","7NDA_2;7NDA_3","1662","B"
"7NDB.D","7NDB.E","B","473Y;486F;475A","7NDB_2;7NDB_3","1661","B"
"7NEH.A","7NEH.B","A","505Y;489Y;458K;420D;473Y;455L;487N;474Q;457R;496G;498Q;417K;408R;502G;460N;421Y;475A;453Y;403R;495Y;501N;494S","7NEH_1;7NEH_2","1663","A"
"7NP1.E","7NP1.I","A","473Y;457R;505Y;417K;455L;489Y;458K;420D;487N;421Y;416G;475A;476G","7NP1_2;7NP1_3","1698","A"
"7NP1.F","7NP1.J","A","473Y;457R;505Y;487N;417K;455L;477S;489Y;458K;420D;460N;421Y;416G;475A;476G","7NP1_2;7NP1_3","1698","A"
"7NP1.G","7NP1.K","A","473Y;457R;505Y;417K;455L;408R;489Y;501N;458K;420D;487N;421Y;416G;475A;476G","7NP1_2;7NP1_3","1698","A"
"7NP1.H","7NP1.L","A","473Y;457R;505Y;487N;417K;455L;489Y;420D;458K;415T;460N;421Y;416G;475A;476G","7NP1_2;7NP1_3","1698","A"
"7NX6.A","7NX6.B","F1","427D;429F;383S;382V;370N;385T;381G;366S;379C;412P","7NX6_1;7NX6_2","1677","F1"
"7NX6.D","7NX6.E","A","473Y;457R;505Y;502G;487N;403R;417K;455L;489Y;458K;500T;420D;460N;421Y;475A;476G","7NX6_4;7NX6_5","1659","A"
"7OR9.B","7OR9.C","A","473Y;457R;505Y;502G;487N;403R;417K;455L;489Y;458K;500T;420D;460N;421Y;475A;476G","7OR9_2;7OR9_3","1659","A"
"7OR9.D","7OR9.E","D2","346R;445V;446G;450N;444K;470T;441L;447G;448N","7OR9_4;7OR9_5","1664","D2"
"7P40.F","7P40.B","B","478T;479P;475A;476G","7P40_2;7P40_3","1737","B"
"7P40.C","7P40.D","B","475A;479P","7P40_2;7P40_3","1737","B"
"7P40.I","7P40.H","B","480C;484E;475A;479P","7P40_2;7P40_3","1737","B"
"7PHG.B","7PHG.C","B","473Y;478T;490F;486F;489Y;487N;475A","7PHG_2;7PHG_3","1737","B"
"7PQY.C","7PQY.D","A","490F;505Y;489Y;458K;420D;415T;473Y;455L;487N;457R;493Q;492L;502G;460N;421Y;416G;475A;476G;403R","7PQY_2;7PQY_3","1682","A"
"7PQY.E","7PQY.F","A","473Y;457R;490F;505Y;502G;403R;493Q;455L;492L;420D;458K;415T;487N;421Y;416G;475A;476G","7PQY_2;7PQY_3","1682","A"
"7PQZ.B","7PQZ.C","A","473Y;457R;490F;505Y;502G;403R;455L;492L;420D;458K;415T;487N;421Y;416G;475A;476G","7PQZ_2;7PQZ_3","1682","A"
"7PQZ.D","7PQZ.E","E2.1","441L;346R;440N;443S","7PQZ_4;7PQZ_5","1679","E2.1"
"7PR0.C","7PR0.B","D1","346R;445V;450N;351Y;447G;448N;349S","7PR0_2;7PR0_3","1680","D1"
"7PR0.F","7PR0.E","D1","346R;445V;450N;351Y;447G;448N;349S","7PR0_2;7PR0_3","1680","D1"
"7PR0.I","7PR0.H","E2.1","346R;445V;345T;340E;450N;351Y;356K;447G;448N;349S","7PR0_2;7PR0_3","1680","D1"
"7Q0A.D","7Q0A.E","A","473Y;457R;490F;505Y;502G;403R;493Q;455L;492L;420D;458K;415T;487N;421Y;416G;475A;476G","7Q0A_2;7Q0A_3","1682","A"
"7QEZ.B","7QEZ.C","F2","378K;430T;370N;517L;381G;379C;377F;408R;428D","7QEZ_2;7QEZ_3","808","F1"
"7QEZ.D","7QEZ.E","B","473Y;478T;493Q;477S;487N;475A","7QEZ_4;7QEZ_5","7228","B"
"7QF0.B","7QF0.C","A","505Y;489Y;458K;420D;473Y;455L;487N;474Q;457R;496G;498Q;417K;408R;502G;460N;421Y;475A;453Y;403R;501N;500T","7QF0_2;7QF0_3","1673","A"
"7QF1.D","7QF1.C","B","478T;485G;486F;484E;493Q;477S;487N;475A","7QF1_2;7QF1_3","1674","B"
"7QF1.F","7QF1.E","B","478T;485G;486F;477S;487N;475A","7QF1_2;7QF1_3","1674","B"
"7QNX.A","7QNX.B","F1","427D;369Y;375S;429F;383S;382V;385T;381G;366S;386K;379C;412P","7QNX_1;7QNX_2","1677","F1"
"7QNX.C","7QNX.D","F3","405D;498Q;408R;501N;499P;500T;502G;439N;504G","7QNX_3;7QNX_4","1643","F3"
"7QNY.A","7QNY.B","E2.1","346R;345T;354N;340E;450N;466R;470T","7QNY_1;7QNY_2","1669","E2.1"
"7QNY.D","7QNY.E","A","405D;473Y;505Y;409Q;487N;403R;417K;455L;489Y;495Y;501N;458K;420D;460N;421Y;475A;476G","7QNY_4;7QNY_5","1657","A"
"7R40.C","7R40.B","B","485G;486F;417K;455L;489Y","7R40_2;7R40_3","1606","B"
"7R40.F","7R40.E","B","485G;486F;417K;455L;489Y","7R40_2;7R40_3","1606","B"
"7R40.I","7R40.H","B","485G;486F;417K;455L;489Y","7R40_2;7R40_3","1606","B"
"7R6W.B","7R6W.A","E1","345T;339G;340E;356K;343N;333T","7R6W_1;7R6W_2","1769","E1"
"7R6W.D","7R6W.C","F2","405D;376T;369Y;375S;374F;403R;379C;377F;502G;371S;504G","7R6W_3;7R6W_4","1767","F2"
"7R6X.B","7R6X.A","F1","429F;375S;382V;385T;381G;379C;528K;412P","7R6X_1;7R6X_2","1768","F2"
"7R6X.E","7R6X.D","E1","345T;339G;340E;335L;356K;343N;333T","7R6X_4;7R6X_5","1769","E1"
"7R6X.G","7R6X.F","B","473Y;478T;493Q;477S;487N;475A","7R6X_6;7R6X_7","1759","B"
"7R7N.A","7R7N.C","B","490F;485G;486F;484E;489Y;492L","7R7N_1;7R7N_3","1758","B"
"7R8L.A","7R8L.B","A","473Y;502G;403R;417K;455L;493Q;504G;458K;500T;420D;460N;421Y;475A;487N","7R8L_1;7R8L_2","2571","A"
"7R8L.D","7R8L.E","F1","378K;430T;383S;381G;386K;379C;377F;428D","7R8L_4;7R8L_5","808","F1"
"7R8M.D","7R8M.E","E1","346R;345T;339G;498Q;343N;440N;439N","7R8M_2;7R8M_3","2518","E1"
"7R8M.F","7R8M.G","E1","346R;345T;339G;340E;444K;437N;343N;500T;440N","7R8M_2;7R8M_3","2518","E1"
"7R8N.D","7R8N.E","C","490F;485G;450N;444K;484E;486F;489Y;493Q;449Y;487N;494S","7R8N_2;7R8N_3","2533","C"
"7R8N.F","7R8N.G","C","490F;485G;450N;484E;486F;489Y;493Q;449Y;487N;494S","7R8N_2;7R8N_3","2533","C"
"7R8N.H","7R8N.I","C","490F;485G;450N;484E;486F;489Y;493Q;449Y;487N;494S","7R8N_2;7R8N_3","2533","C"
"7R8O.D","7R8O.E","C","490F;446G;450N;484E;496G;489Y;493Q;449Y;494S","7R8O_2;7R8O_3","3214","C"
"7R8O.F","7R8O.G","C","490F;446G;450N;484E;496G;489Y;493Q;449Y;494S","7R8O_2;7R8O_3","3214","C"
"7R8O.H","7R8O.I","C","490F;446G;450N;484E;496G;489Y;493Q;449Y;494S","7R8O_2;7R8O_3","3214","C"
"7RA8.B","7RA8.C","F3","503V;379C;377F;501N;504G","7RA8_2;7RA8_3","1765","F3"
"7RA8.E","7RA8.F","F3","503V;379C;377F;501N;504G","7RA8_2;7RA8_3","1765","F3"
"7RA8.H","7RA8.I","F3","503V;379C;377F;501N;504G","7RA8_2;7RA8_3","1765","F3"
"7RAL.A","7RAL.B","F2","503V;375S;376T;383S;370N;379C;377F;408R;504G","7RAL_1;7RAL_2","1765","F3"
"7RKU.E","7RKU.F","E2.2","346R;466R;355R;357R;396Y;467D;468I;464F","7RKU_2;7RKU_3","2513","E2.2"
"7RKU.G","7RKU.I","B","481N;471E;474Q;482G","7RKU_2;7RKU_3","2513","E2.2"
"7RKU.H","7RKU.L","E2.2","466R;355R;396Y;467D;468I;464F","7RKU_2;7RKU_3","2513","E2.2"
"7RKU.J","7RKU.K","B","481N;471E;482G","7RKU_2;7RKU_3","2513","E2.2"
"7RKV.D","7RKV.E","F1","427D;369Y;429F;383S;385T;381G;379C;428D;371S;413G","7RKV_2;7RKV_3","2663","F1"
"7RKV.F","7RKV.G","F1","378K;427D;429F;383S;374F;385T;381G;379C;428D","7RKV_2;7RKV_3","2663","F1"
"7RKV.H","7RKV.I","F1","378K;369Y;375S;427D;383S;429F;385T;381G;379C;377F;428D;371S","7RKV_2;7RKV_3","2663","F1"
"7RR0.B","7RR0.C","A","473Y;486F;493Q;477S;487N;460N;421Y;475A","7RR0_2;7RR0_3","3986","A"
"7S0B.A","7S0B.B","E2.2","346R;457R;465E;466R;354N;357R;352A;471E;467D;464F","7S0B_1;7S0B_2","1717","E2.2"
"7S0B.C","7S0B.D","E2.2","346R;457R;465E;466R;354N;357R;352A;467D;464F","7S0B_1;7S0B_2","1717","E2.2"
"7S0C.D","7S0C.E","C","481N;450N;444K;470T;484E;351Y;483V","7S0C_2;7S0C_3","1716","C"
"7S0C.F","7S0C.G","E2.1","450N;492L;351Y;451Y","7S0C_2;7S0C_3","1716","C"
"7S4S.B","7S4S.C","A","473Y;457R;453Y;505Y;502G;403R;417K;455L;477S;489Y;458K;420D;460N;474Q;421Y;475A;487N","7S4S_2;7S4S_3","1655","A"
"7S5R.B","7S5R.C","F2","427D;369Y;429F;381G;379C;414Q;408R;428D;371S;413G","7S5R_2;7S5R_3","3574","F2"
"7S5R.D","7S5R.E","B","478T;493Q;477S;487N;475A","7S5R_4;7S5R_5","877","B"
"7S6J.B","7S6J.C","B","490F;486F;484E;417K;489Y;477S;492L;493Q;487N","7S6J_2;7S6J_3","1014","B"
"7S6J.E","7S6J.F","B","490F;486F;484E;417K;489Y;477S;492L;493Q;487N","7S6J_2;7S6J_3","1014","B"
"7S6J.H","7S6J.I","B","490F;486F;484E;417K;489Y;477S;492L;493Q;487N","7S6J_2;7S6J_3","1014","B"
"7S6K.B","7S6K.C","B","490F;486F;489Y;493Q;477S;492L","7S6K_2;7S6K_3","1014","B"
"7S6K.E","7S6K.F","B","490F;486F;489Y;493Q;477S;492L","7S6K_2;7S6K_3","1014","B"
"7S6K.H","7S6K.I","B","490F;486F;489Y;493Q;477S;492L","7S6K_2;7S6K_3","1014","B"
"7S6L.B","7S6L.C","B","490F;486F;417K;489Y;477S;492L;487N","7S6L_2;7S6L_3","1014","B"
"7SBU.B","7SBU.C","B","490F;484E;489Y;493Q;477S;492L;487N","7SBU_2;7SBU_3","1014","B"
"7SC1.B","7SC1.C","A","505Y;409Q;486F;496G;403R;455L;420D;460N;474Q;421Y;487N","7SC1_2;7SC1_3","1219","A"
"7SC1.E","7SC1.F","A","505Y;409Q;486F;496G;455L;420D;460N;474Q;421Y;487N","7SC1_2;7SC1_3","1219","A"
"7SC1.H","7SC1.I","A","505Y;409Q;486F;496G;420D;460N;474Q;421Y;487N","7SC1_2;7SC1_3","1219","A"
"7SD5.B","7SD5.C","F2","378K;369Y;427D;429F;379C;414Q;408R;428D;415T;371S","7SD5_2;7SD5_3","1591","F2"
"7SI2.B","7SI2.A","F1","429F;383S;382V;385T;381G;386K;379C;389D;412P","7SI2_1;7SI2_2","1590","F1"
"7SI2.D","7SI2.C","F1","427D;375S;429F;374F;383S;382V;385T;381G;386K;379C;389D;412P;414Q","7SI2_1;7SI2_2","1590","F1"
"7SI2.E","7SI2.F","F1","427D;369Y;429F;383S;385T;381G;386K;379C;389D;412P;414Q","7SI2_1;7SI2_2","1590","F1"
"7SN2.B","7SN2.C","F2","378K;375S;374F;383S;370N;385T;372A;377F;437N","7SN2_2;7SN2_3","290","F2"
"7SN3.D","7SN3.E","F2","378K;375S;376T;383S;370N;385T;372A;377F;437N;373S","7SN3_2;7SN3_3","290","F2"
"7SN3.F","7SN3.G","F2","378K;375S;383S;370N;385T;372A;377F;437N","7SN3_2;7SN3_3","290","F2"
"7SN3.H","7SN3.I","F2","378K;375S;374F;383S;370N;385T;372A;377F;437N;373S","7SN3_2;7SN3_3","290","F2"
"7SWN.B","7SWN.C","B","487N;479P","7SWN_2;7SWN_3","975","B"
"7SWO.B","7SWO.C","A","473Y;457R;505Y;502G;403R;417K;455L;489Y;495Y;501N;458K;500T;415T;421Y;475A","7SWO_2;7SWO_3","364","A"
"7SWP.B","7SWP.C","F2","378K;369Y;427D;429F;430T;403R;379C;408R;412P;428D;415T;414Q;413G","7SWP_2;7SWP_3","994","F2"
"7T01.B","7T01.C","D2","445V;446G;444K;443S;447G;500T;439N","7T01_2;7T01_3","219","D2"
"7T7B.B","7T7B.C","F2","427D;429F;381G;379C;414Q;408R;415T;371S;413G","7T7B_2;7T7B_3","8666","F2"
"7TAS.A","7TAS.B","C","490F;485G;417K;489Y;493Q;492L;449Y;502G;487N;494S","7TAS_1;7TAS_2","1763","C"
"7TAT.D","7TAT.E","B","490F;485G;489Y;493Q;487N","7TAT_2;7TAT_3","1763","C"
"7TAT.F","7TAT.G","C","496G;490F","7TAT_2;7TAT_3","1763","C"
"7TB8.D","7TB8.E","E2.1","346R;449Y;345T;442D;447G;448N;494S","7TB8_2;7TB8_3","227","D2"
"7TB8.F","7TB8.G","D2","445V;446G;444K;447G;494S","7TB8_2;7TB8_3","227","D2"
"7TB8.H","7TB8.I","B","473Y;478T;490F;484E;480C;493Q;477S;492L;458K;487N;474Q;475A","7TB8_4;7TB8_5","235","B"
"7TB8.J","7TB8.K","D2","445V;494S;449Y;446G","7TB8_2;7TB8_3","227","D2"
"7TBF.B","7TBF.C","B","473Y;486F;493Q;487N;475A","7TBF_2;7TBF_3","235","B"
"7TBF.D","7TBF.E","D2","445V;444K;493Q;494S;449Y;440N","7TBF_4;7TBF_5","227","D2"
"7TE1.A","7TE1.B","F2","405D;378K;376T;369Y;375S;370N;372A;377F;408R;508Y;414Q;413G","7TE1_1;7TE1_2","1001","F2"
"7TE1.C","7TE1.D","F2","405D;407V;378K;376T;369Y;375S;377F;408R;412P;415T;414Q;413G","7TE1_1;7TE1_2","1001","F2"
"7THE.B","7THE.C","C","490F;450N;484E;486F;482G;493Q;492L;449Y;494S","7THE_2;7THE_3","1","C"
"7THT.D","7THT.E","C","445V;490F;450N;486F;484E;482G;492L;494S","7THT_2;7THT_3","1","C"
"7THT.F","7THT.G","C","445V;450N;484E;486F;482G;493Q;492L;449Y;494S;488C","7THT_2;7THT_3","1","C"
"7THT.H","7THT.I","C","490F;450N;484E;486F;482G;493Q;492L;449Y;494S","7THT_2;7THT_3","1","C"
"7TP3.B","7TP3.C","F3","405D;503V;506Q;372A;404G;437N;501N;500T;502G;439N","7TP3_2;7TP3_3","1702","F3"
"7TP4.B","7TP4.C","F3","405D;503V;506Q;375S;505Y;502G;403R;404G;501N;499P;508Y;500T;373S","7TP4_2;7TP4_3","1703","F3"
"7U0P.D","7U0P.G","E1","346R;345T;343N;448N;440N","7U0P_2;7U0P_3","8640","E1"
"7U0P.E","7U0P.F","E1","346R;345T;441L;343N;440N","7U0P_2;7U0P_3","8640","E1"
"7U2D.B","7U2D.C","F3","405D;503V;506Q;505Y;403R;498Q;501N;500T;502G","7U2D_2;7U2D_3","126","F3"
"7U2E.B","7U2E.C","F3","405D;503V;506Q;498Q;501N;500T;502G","7U2E_2;7U2E_3","231","F3"
"7U9O.C","7U9O.D","C","446G;484E;493Q;492L;449Y","7U9O_2;7U9O_3","7392","C"
"7U9P.C","7U9P.D","E2.1","346R;450N;444K;470T;351Y;482G;349S","7U9P_2;7U9P_3","7389","E2.1"
"7UZ4.D","7UZ4.E","F2","378K;369Y;383S;385T;381G;377F;408R;412P;414Q;413G","7UZ4_2;7UZ4_3","7451","F2"
"7UZ4.F","7UZ4.G","F2","405D;378K;369Y;383S;381G;379C;377F;408R;508Y;414Q","7UZ4_2;7UZ4_3","7451","F2"
"7UZ4.H","7UZ4.I","F2","369Y;375S;374F;383S;372A;437N;373S;371S","7UZ4_2;7UZ4_3","7451","F2"
"7UZ5.D","7UZ5.E","F1","405D;503V;369Y;383S;382V;385T;381G;386K;379C;377F;508Y","7UZ5_2;7UZ5_3","7452","F1"
"7UZ6.D","7UZ6.E","E2.1","346R;445V;345T;340E;450N;444K;442D;441L;443S;343N;344A;440N","7UZ6_2;7UZ6_3","7453","E2.1"
"7UZ6.F","7UZ6.G","E2.1","346R;445V;345T;340E;450N;442D;441L;443S;343N;440N","7UZ6_2;7UZ6_3","7453","E2.1"
"7UZ6.H","7UZ6.I","E2.1","346R;445V;345T;340E;450N;442D;441L;443S;343N;440N","7UZ6_2;7UZ6_3","7453","E2.1"
"7UZ7.D","7UZ7.E","F1","375S;430T;383S;385T;381G;386K;377F;428D;413G","7UZ7_2;7UZ7_3","7454","F1"
"7UZ7.F","7UZ7.G","F1","375S;430T;383S;385T;381G;386K;377F;428D;413G","7UZ7_2;7UZ7_3","7454","F1"
"7UZ7.H","7UZ7.I","F1","375S;430T;383S;385T;381G;386K;377F;428D;413G","7UZ7_2;7UZ7_3","7454","F1"
"7UZ9.D","7UZ9.E","F2","429F;375S;430T;385T;366S;377F;412P;428D;414Q","7UZ9_2;7UZ9_3","7455","F2"
"7UZ9.F","7UZ9.G","F2","429F;430T;385T;366S;377F;412P;428D;414Q","7UZ9_2;7UZ9_3","7455","F2"
"7UZ9.H","7UZ9.I","F2","378K;375S;427D;429F;430T;385T;366S;377F;412P;428D;414Q","7UZ9_2;7UZ9_3","7455","F2"
"7UZA.D","7UZA.E","E2.2","427D;462K;465E;463P;355R;515F;428D;458K;459S;396Y","7UZA_2;7UZA_3","7456","E2.2"
"7UZB.B","7UZB.C","E3","520A;518L;383S;522A;519H;393T","7UZB_2;7UZB_3","7457","E3"
"7V26.D","7V26.E","D2","346R;445V;450N;498Q;441L;447G;500T;440N;439N","7V26_2;7V26_3","1783","D2"
"7V26.F","7V26.G","D2","346R;445V;446G;450N;444K;441L;501N;449Y;440N;439N;500T","7V26_2;7V26_3","1783","D2"
"7V26.H","7V26.I","D2","506Q;445V;450N;444K;498Q;501N;499P;500T;440N;439N","7V26_2;7V26_3","1783","D2"
"7V2A.C","7V2A.B","E1","346R;345T;441L;437N;373S;440N","7V2A_2;7V2A_3","1784","E1"
"7V2A.H","7V2A.F","E1","346R;345T;441L;437N;373S;440N","7V2A_2;7V2A_3","1784","E1"
"7V2A.I","7V2A.G","E1","346R;345T;441L;437N;343N;373S;440N","7V2A_2;7V2A_3","1784","E1"
"7VYR.A","7VYR.B","F3","506Q;369Y;505Y;374F;403R;498Q;408R;501N;499P;500T;502G;371S","7VYR_1;7VYR_2","1676","F3"
"7VYR.D","7VYR.E","F3","405D;506Q;505Y;370N;498Q;408R;501N;499P;500T;502G;494S;439N","7VYR_1;7VYR_2","1676","F3"
"7WPH.D","7WPH.C","D2","346R;445V;449Y;450N;444K;441L;447G;448N;440N","7WPH_2;7WPH_3","1683","D2"
"7WPH.E","7WPH.F","D2","346R;445V;449Y;345T;450N;444K;441L;447G;448N","7WPH_2;7WPH_3","1683","D2"
"7WR8.B","7WR8.C","E1","346R;345T;340E;509R;440K;343N;436W;344A","7WR8_2;7WR8_3","2047","E1"
"7WRJ.B","7WRJ.C","F3","503V;378K;505H;374F;375F;501Y;373P;408R;440K;499P;508Y;500T;502G;504G","7WRJ_2;7WRJ_3","2103","F3"
"7WRY.C","7WRY.B","E1","345T;451Y;340E;442D;343N;448N;440N","7WRY_2;7WRY_3","2066","E1"
"7WS0.E","7WS0.D","E2.1","346R;345T;451Y;444K;442D;440N;439N","7WS0_2;7WS0_3","1472","D2"
"7WS0.G","7WS0.F","D2","346R;445V;345T;451Y;444K;442D;443S;448N;440N;439N","7WS0_2;7WS0_3","1472","D2"
"7WS0.I","7WS0.H","D1","346R;345T;451Y;444K;442D;443S;440N;439N","7WS0_2;7WS0_3","1472","D2"
"7WS1.E","7WS1.D","D2","346R;345T;451Y;444K;442D;443S;500T;440N;439N","7WS1_2;7WS1_3","1472","D2"
"7WS1.G","7WS1.F","D2","346R;345T;451Y;444K;442D;443S;448N;440N;439N;500T","7WS1_2;7WS1_3","1472","D2"
"7WS1.I","7WS1.H","E2.1","346R;345T;451Y;444K;442D;440N;439N","7WS1_2;7WS1_3","1472","D2"
"7WS1.K","7WS1.J","C","453Y;490F;505Y;485G;484E;498Q;417K;493Q;449Y","7WS1_2;7WS1_3","1472","D2"
"7WS2.C","7WS2.A","D2","346R;445V;345T;451Y;444K;442D;448N;440N;439N;500T","7WS2_1;7WS2_3","1472","D2"
"7WS7.C","7WS7.B","D2","346R;445V;345T;451Y;444K;442D;448N;440N;439N","7WS7_2;7WS7_3","1472","D2"
"7WS7.E","7WS7.D","C","453Y;505Y;485G;484E;498Q;417K;493Q;449Y","7WS7_2;7WS7_3","1472","D2"
"7WUE.B","7WUE.C","B","481N;489Y;477S;458K;487N","7WUE_2;7WUE_3","1707","B"
"7WUE.E","7WUE.F","B","478T;481N;489Y;477S;487N","7WUE_2;7WUE_3","1707","B"
"7WUH.D","7WUH.E","B","478T;485G;477S;458K;487N;475A","7WUH_2;7WUH_3","1707","B"
"7WUH.F","7WUH.G","B","478T;481N;486F;489Y;477S;487N;475A","7WUH_2;7WUH_3","1707","B"
"7WUH.H","7WUH.I","B","478T;489Y;477S;487N;474Q","7WUH_2;7WUH_3","1707","B"
"7WWL.D","7WWL.E","D2","506Q;499P;500T;440N;439N","7WWL_2;7WWL_3","7148","D2"
"7WWL.F","7WWL.G","D2","506Q;499P;500T;440N;439N","7WWL_2;7WWL_3","7148","D2"
"7WWL.H","7WWL.I","D2","499P;440N;439N;500T","7WWL_2;7WWL_3","7148","D2"
"7WWM.D","7WWM.E","D2","373S;499P;440N;506Q","7WWM_2;7WWM_3","7147","D2"
"7WWM.F","7WWM.G","D2","373S;499P;440N;506Q","7WWM_2;7WWM_3","7147","D2"
"7WWM.H","7WWM.I","D2","373S;499P;440N;506Q","7WWM_2;7WWM_3","7147","D2"
"7X6A.D","7X6A.E","E1","339D;346R;345T;441L;440K;343N;448N","7X6A_2;7X6A_3","2305","E1"
"7X6A.F","7X6A.G","E1","339D;345T;340E;443S;343N","7X6A_2;7X6A_3","2305","E1"
"7X6A.H","7X6A.I","E1","339D;346R;345T;340E;441L;440K;343N;448N;344A","7X6A_2;7X6A_3","2305","E1"
"7X7O.E","7X7O.F","B","478T;486F;493Q;477S;487N;475A","7X7O_2;7X7O_3","1774","B"
"7X7O.G","7X7O.I","B","478T;493Q;477S;487N;475A;476G","7X7O_2;7X7O_3","1774","B"
"7X7O.H","7X7O.L","B","478T;486F;493Q;477S;487N;475A","7X7O_2;7X7O_3","1774","B"
"7X7O.J","7X7O.K","B","478T;477S;493Q;487N","7X7O_2;7X7O_3","1774","B"
"7X7T.C","7X7T.B","E2.1","346R;449Y;345T;451Y;450N;444K;470T;351Y;442D;441L;493Q;448N;440N","7X7T_2;7X7T_3","7234","E2.1"
"7X7T.E","7X7T.D","E3","462K;357R;428D;396Y;516E;519H;464F","7X7T_4;7X7T_5","7235","E3"
"7X7T.G","7X7T.F","F2","378K;376T;375S;374F;370N;385T;414Q;408R;412P;371S","7X7T_6;7X7T_7","7236","F2"
"7X8W.B","7X8W.C","C","486F;484E;489Y;493Q;492L;449Y","7X8W_2;7X8W_3","7239","C"
"7X8Y.B","7X8Y.C","B","489Y;487N;484E","7X8Y_2;7X8Y_3","7241","B"
"7X8Z.B","7X8Z.C","B","486F;484E;417K;489Y;477S;493Q;449Y;487N;494S;475A","7X8Z_2;7X8Z_3","7242","B"
"7X90.A","7X90.B","C","481N;470T;484E;486F;482G;489Y;471E;449Y","7X90_1;7X90_2","7238","C"
"7X91.B","7X91.C","B","478T;485G;486F;489Y;493Q;477S;487N;494S;488C","7X91_2;7X91_3","7240","B"
"7X92.B","7X92.C","F3","405D;453Y;409Q;403R;417K;495Y;408R;501N;449Y;494S","7X92_2;7X92_3","7243","F3"
"7XH8.B","7XH8.C","B","473Y;477N;493R;486F;489Y;478K;420D;460N;475A;487N","7XH8_2;7XH8_3","7196","B"
"7XMX.D","7XMX.E","A","405D;473Y;478T;505Y;502G;403R;489Y;455L;493Q;420D;487N;474Q;421Y;475A;504G","7XMX_2;7XMX_3","7232","A"
"7XMX.F","7XMX.G","A","405D;473Y;478T;505Y;502G;403R;489Y;455L;493Q;420D;487N;474Q;421Y;475A;504G","7XMX_2;7XMX_3","7232","A"
"7XMX.H","7XMX.I","A","405D;473Y;478T;505Y;502G;403R;489Y;455L;493Q;420D;487N;474Q;421Y;475A;504G","7XMX_2;7XMX_3","7232","A"
"7XMZ.D","7XMZ.E","E2.1","346R;466R;354N;345T;450N;481N","7XMZ_2;7XMZ_3","7233","E2.1"
"7XMZ.F","7XMZ.G","E2.1","346R;466R;354N;345T;450N;481N","7XMZ_2;7XMZ_3","7233","E2.1"
"7XMZ.H","7XMZ.I","E2.1","346R;466R;354N;345T;450N;481N","7XMZ_2;7XMZ_3","7233","E2.1"
"7Y0V.A","7Y0V.B","E1","339D;346R;345T;441L;342F;509R;436W","7Y0V_1;7Y0V_2","2228","E1"
"7Y0W.A","7Y0W.B","F3","405D;503V;501Y;437N;500T;502G;439N;504G","7Y0W_1;7Y0W_2","2219","F3"
"7Y0W.C","7Y0W.D","E1","339D;346R;345T;340E;441L;443S;440K;343N","7Y0W_3;7Y0W_4","2305","E1"
"7YDY.D","7YDY.E","E2.2","346R;457R;465E;466R;355R;450N;357R;469S;356K;467D;468I;353W","7YDY_2;7YDY_3","7375","E2.2"
"7Z0X.A","7Z0X.B","B","486F;484E;489Y;477S;487N;488C","7Z0X_1;7Z0X_2","1773","B"
"7Z0Y.A","7Z0Y.B","D2","445V;444K;499P;449Y;440N;439N;500T","7Z0Y_1;7Z0Y_2","1772","D2"
"7ZXU.C","7ZXU.D","A","473Y;477N;457R;505H;502G;417N;459S;501Y;489Y;455L;493Q;458K;500T;420D;460N;421Y;475A;487N","7ZXU_3;7ZXU_4","1631","A"
"8DT3.B","8DT3.C","E1","346R;345T;370N;444K;373S;436W;440N","8DT3_2;8DT3_3","7354","E1"
"8DZH.D","8DZH.E","D2","441K;445N;437K;495R","8DZH_2;8DZH_3","7150","D2"
"8DZH.F","8DZH.G","D2","446Y","8DZH_2;8DZH_3","7150","D2"
"8DZH.H","8DZH.I","D2","443S;445N;437K","8DZH_2;8DZH_3","7150","D2"
"8DZI.B","8DZI.C","D2","441K;445N;438L;437K;343R;446Y;496P","8DZI_2;8DZI_3","7150","D2"
"8DZI.E","8DZI.F","D2","441K;445N;438L;437K;439D;446Y;496P","8DZI_2;8DZI_3","7150","D2"
"8DZI.I","8DZI.H","D2","440S;495R;445N;437K;446Y;496P","8DZI_2;8DZI_3","7150","D2"
"8ERQ.A","8ERQ.B","D2","445V;444K;501Y;440K;447G;499P;500T;439N","8ERQ_1;8ERQ_2","7244","D2"
"8ERR.D","8ERR.E","D2","500T","8ERR_2;8ERR_3","7244","D2"
"8ERR.F","8ERR.G","D2","445V;500T","8ERR_2;8ERR_3","7244","D2"
"8ERR.H","8ERR.I","D2","441L;445V;500T","8ERR_2;8ERR_3","7244","D2"
