entity,instance,paired,chain
6W41_1,6W41.A,1.0,H
6W41_2,6W41.B,1.0,L
6WPS_2,6WPS.B,1.0,H
6WPS_2,6WPS.E,1.0,H
6WPS_2,6WPS.H,1.0,H
6WPS_3,6WPS.C,1.0,L
6WPS_3,6WPS.F,1.0,L
6WPS_3,6WPS.I,1.0,L
6WPT_2,6WPT.D,1.0,H
6WPT_2,6WPT.F,1.0,H
6WPT_3,6WPT.E,1.0,L
6WPT_3,6WPT.G,1.0,L
6XC2_2,6XC2.B,1.0,L
6XC2_2,6XC2.E,1.0,L
6XC2_3,6XC2.C,1.0,H
6XC2_3,6XC2.F,1.0,H
6XC3_3,6XC3.C,1.0,L
6XC3_4,6XC3.D,1.0,H
6XC3_1,6XC3.A,1.0,H
6XC3_2,6XC3.B,1.0,L
6XC4_2,6XC4.B,1.0,H
6XC4_2,6XC4.E,1.0,H
6XC4_3,6XC4.C,1.0,L
6XC4_3,6XC4.F,1.0,L
6XC7_4,6XC7.D,1.0,H
6XC7_5,6XC7.E,1.0,L
6XC7_2,6XC7.B,1.0,H
6XC7_3,6XC7.C,1.0,L
6XCM_2,6XCM.D,1.0,H
6XCM_2,6XCM.E,1.0,H
6XCM_3,6XCM.F,1.0,L
6XCM_3,6XCM.G,1.0,L
6XCN_2,6XCN.D,1.0,H
6XCN_2,6XCN.E,1.0,H
6XCN_2,6XCN.F,1.0,H
6XCN_3,6XCN.G,1.0,L
6XCN_3,6XCN.H,1.0,L
6XCN_3,6XCN.I,1.0,L
6XDG_2,6XDG.B,1.0,L
6XDG_3,6XDG.C,1.0,H
6XDG_4,6XDG.D,1.0,H
6XDG_5,6XDG.E,1.0,L
6XE1_1,6XE1.A,1.0,H
6XE1_2,6XE1.B,1.0,L
6XEY_2,6XEY.D,1.0,H
6XEY_2,6XEY.F,1.0,H
6XEY_2,6XEY.G,1.0,H
6XEY_3,6XEY.E,1.0,L
6XEY_3,6XEY.H,1.0,L
6XEY_3,6XEY.I,1.0,L
6XKP_2,6XKP.C,1.0,H
6XKP_2,6XKP.E,1.0,H
6XKP_3,6XKP.D,1.0,L
6XKP_3,6XKP.F,1.0,L
6XKQ_2,6XKQ.B,1.0,H
6XKQ_3,6XKQ.C,1.0,L
6YLA_2,6YLA.B,1.0,H
6YLA_2,6YLA.E,1.0,H
6YLA_3,6YLA.C,1.0,L
6YLA_3,6YLA.F,1.0,L
6YM0_2,6YM0.B,1.0,H
6YM0_3,6YM0.C,1.0,L
6YZ5_2,6YZ5.B,0.0,H
6YZ7_4,6YZ7.D,0.0,H
6YZ7_4,6YZ7.F,0.0,H
6Z2M_4,6Z2M.G,0.0,H
6Z2M_4,6Z2M.H,0.0,H
6Z2M_2,6Z2M.B,0.0,H
6Z2M_2,6Z2M.E,0.0,H
6Z2M_3,6Z2M.C,0.0,L
6Z2M_3,6Z2M.F,0.0,L
6Z43_2,6Z43.D,0.0,H
6Z43_2,6Z43.E,0.0,H
6Z43_2,6Z43.F,0.0,H
6ZBP_2,6ZBP.B,0.0,H
6ZCZ_3,6ZCZ.C,1.0,H
6ZCZ_4,6ZCZ.D,1.0,L
6ZCZ_2,6ZCZ.B,0.0,H
6ZDG_2,6ZDG.B,1.0,H
6ZDG_2,6ZDG.E,1.0,H
6ZDG_2,6ZDG.H,1.0,H
6ZDG_3,6ZDG.C,1.0,L
6ZDG_3,6ZDG.F,1.0,L
6ZDG_3,6ZDG.I,1.0,L
6ZDH_2,6ZDH.D,1.0,H
6ZDH_2,6ZDH.F,1.0,H
6ZDH_2,6ZDH.H,1.0,H
6ZDH_3,6ZDH.E,1.0,L
6ZDH_3,6ZDH.G,1.0,L
6ZDH_3,6ZDH.I,1.0,L
6ZER_2,6ZER.B,1.0,H
6ZER_2,6ZER.E,1.0,H
6ZER_2,6ZER.H,1.0,H
6ZER_3,6ZER.C,1.0,L
6ZER_3,6ZER.F,1.0,L
6ZER_3,6ZER.I,1.0,L
6ZFO_2,6ZFO.B,1.0,H
6ZFO_2,6ZFO.E,1.0,H
6ZFO_3,6ZFO.C,1.0,L
6ZFO_3,6ZFO.F,1.0,L
6ZH9_1,6ZH9.A,1.0,H
6ZH9_2,6ZH9.B,1.0,L
6ZH9_4,6ZH9.D,0.0,H
6ZHD_2,6ZHD.D,0.0,H
6ZHD_2,6ZHD.E,0.0,H
6ZHD_2,6ZHD.F,0.0,H
6ZLR_2,6ZLR.B,1.0,H
6ZLR_2,6ZLR.E,1.0,H
6ZLR_2,6ZLR.H,1.0,H
6ZLR_3,6ZLR.C,1.0,L
6ZLR_3,6ZLR.F,1.0,L
6ZLR_3,6ZLR.I,1.0,L
6ZXN_2,6ZXN.D,0.0,H
6ZXN_2,6ZXN.E,0.0,H
6ZXN_2,6ZXN.F,0.0,H
7A25_2,7A25.D,0.0,H
7A25_2,7A25.E,0.0,H
7A25_2,7A25.F,0.0,H
7A29_2,7A29.D,0.0,H
7A29_2,7A29.E,0.0,H
7A29_2,7A29.F,0.0,H
7A5R_1,7A5R.A,1.0,H
7A5R_1,7A5R.F,1.0,H
7A5R_2,7A5R.B,1.0,L
7A5R_2,7A5R.E,1.0,L
7A5S_1,7A5S.A,1.0,H
7A5S_1,7A5S.F,1.0,H
7A5S_2,7A5S.B,1.0,L
7A5S_2,7A5S.D,1.0,L
7AKD_2,7AKD.D,1.0,H
7AKD_2,7AKD.F,1.0,H
7AKD_3,7AKD.E,1.0,L
7AKD_3,7AKD.G,1.0,L
7B0B_2,7B0B.B,1.0,H
7B0B_1,7B0B.A,1.0,L
7B14_2,7B14.B,0.0,H
7B17_2,7B17.B,0.0,H
7B18_2,7B18.D,0.0,H
7B18_2,7B18.F,0.0,H
7B18_2,7B18.H,0.0,H
7B18_3,7B18.E,0.0,H
7B18_3,7B18.G,0.0,H
7B18_3,7B18.I,0.0,H
7B27_2,7B27.C,0.0,H
7B27_2,7B27.D,0.0,H
7B3O_2,7B3O.B,1.0,L
7B3O_3,7B3O.C,1.0,H
7BEH_2,7BEH.B,1.0,H
7BEH_3,7BEH.C,1.0,L
7BEI_1,7BEI.A,1.0,H
7BEI_2,7BEI.B,1.0,L
7BEJ_1,7BEJ.A,1.0,H
7BEJ_2,7BEJ.B,1.0,L
7BEK_1,7BEK.A,1.0,H
7BEK_2,7BEK.B,1.0,L
7BEL_2,7BEL.B,1.0,H
7BEL_2,7BEL.G,1.0,H
7BEL_5,7BEL.E,1.0,L
7BEL_5,7BEL.J,1.0,L
7BEL_3,7BEL.C,1.0,H
7BEL_3,7BEL.H,1.0,H
7BEL_4,7BEL.D,1.0,L
7BEL_4,7BEL.I,1.0,L
7BEM_1,7BEM.A,1.0,H
7BEM_2,7BEM.B,1.0,L
7BEN_2,7BEN.B,1.0,H
7BEN_2,7BEN.G,1.0,H
7BEN_3,7BEN.C,1.0,L
7BEN_3,7BEN.H,1.0,L
7BEN_4,7BEN.D,1.0,H
7BEN_4,7BEN.I,1.0,H
7BEN_5,7BEN.E,1.0,L
7BEN_5,7BEN.J,1.0,L
7BEO_2,7BEO.B,1.0,H
7BEO_2,7BEO.G,1.0,H
7BEO_3,7BEO.C,1.0,L
7BEO_3,7BEO.H,1.0,L
7BEO_4,7BEO.D,1.0,H
7BEO_4,7BEO.I,1.0,H
7BEO_5,7BEO.E,1.0,L
7BEO_5,7BEO.J,1.0,L
7BEP_2,7BEP.B,1.0,H
7BEP_2,7BEP.G,1.0,H
7BEP_3,7BEP.C,1.0,L
7BEP_3,7BEP.H,1.0,L
7BEP_4,7BEP.D,1.0,H
7BEP_4,7BEP.I,1.0,H
7BEP_5,7BEP.E,1.0,L
7BEP_5,7BEP.J,1.0,L
7BNV_2,7BNV.B,1.0,H
7BNV_3,7BNV.C,1.0,L
7BWJ_2,7BWJ.B,1.0,L
7BWJ_3,7BWJ.C,1.0,H
7BYR_2,7BYR.D,1.0,H
7BYR_3,7BYR.E,1.0,L
7BZ5_2,7BZ5.B,1.0,H
7BZ5_3,7BZ5.C,1.0,L
7C01_2,7C01.B,1.0,H
7C01_2,7C01.E,1.0,H
7C01_3,7C01.C,1.0,L
7C01_3,7C01.F,1.0,L
7C8V_1,7C8V.A,0.0,H
7C8W_1,7C8W.A,0.0,H
7CAC_2,7CAC.D,1.0,L
7CAC_3,7CAC.E,1.0,H
7CAH_1,7CAH.A,1.0,L
7CAH_2,7CAH.B,1.0,H
7CAI_2,7CAI.D,1.0,L
7CAI_2,7CAI.F,1.0,L
7CAI_3,7CAI.E,1.0,H
7CAI_3,7CAI.G,1.0,H
7CAK_2,7CAK.D,1.0,L
7CAK_2,7CAK.F,1.0,L
7CAK_2,7CAK.H,1.0,L
7CAK_3,7CAK.E,1.0,H
7CAK_3,7CAK.G,1.0,H
7CAK_3,7CAK.I,1.0,H
7CAN_1,7CAN.A,0.0,H
7CDI_2,7CDI.B,1.0,H
7CDI_3,7CDI.C,1.0,L
7CDJ_2,7CDJ.B,1.0,H
7CDJ_3,7CDJ.C,1.0,L
7CH4_1,7CH4.A,1.0,H
7CH4_2,7CH4.B,1.0,L
7CH5_1,7CH5.A,1.0,H
7CH5_2,7CH5.B,1.0,L
7CHB_1,7CHB.A,1.0,H
7CHB_2,7CHB.B,1.0,L
7CHC_4,7CHC.D,1.0,H
7CHC_5,7CHC.E,1.0,L
7CHC_1,7CHC.A,1.0,H
7CHC_2,7CHC.B,1.0,L
7CHE_1,7CHE.A,1.0,H
7CHE_2,7CHE.B,1.0,L
7CHE_4,7CHE.D,1.0,H
7CHE_5,7CHE.E,1.0,L
7CHF_5,7CHF.E,1.0,L
7CHF_4,7CHF.D,1.0,H
7CHF_1,7CHF.A,1.0,H
7CHF_2,7CHF.B,1.0,L
7CHH_2,7CHH.D,1.0,H
7CHH_2,7CHH.F,1.0,H
7CHH_2,7CHH.H,1.0,H
7CHH_3,7CHH.E,1.0,L
7CHH_3,7CHH.G,1.0,L
7CHH_3,7CHH.I,1.0,L
7CHO_2,7CHO.B,1.0,H
7CHO_2,7CHO.E,1.0,H
7CHO_3,7CHO.C,1.0,L
7CHO_3,7CHO.F,1.0,L
7CHP_2,7CHP.B,1.0,H
7CHP_3,7CHP.C,1.0,L
7CHS_2,7CHS.B,1.0,H
7CHS_3,7CHS.C,1.0,L
7CJF_1,7CJF.A,1.0,H
7CJF_2,7CJF.B,1.0,L
7CM4_2,7CM4.B,1.0,H
7CM4_3,7CM4.C,1.0,L
7CWL_2,7CWL.D,1.0,H
7CWL_2,7CWL.E,1.0,H
7CWL_2,7CWL.F,1.0,H
7CWL_3,7CWL.G,1.0,L
7CWL_3,7CWL.H,1.0,L
7CWL_3,7CWL.I,1.0,L
7CWM_2,7CWM.D,1.0,H
7CWM_2,7CWM.E,1.0,H
7CWM_2,7CWM.F,1.0,H
7CWM_3,7CWM.G,1.0,L
7CWM_3,7CWM.H,1.0,L
7CWM_3,7CWM.I,1.0,L
7CWN_4,7CWN.F,1.0,L
7CWN_4,7CWN.J,1.0,L
7CWN_4,7CWN.N,1.0,L
7CWN_5,7CWN.G,1.0,H
7CWN_5,7CWN.K,1.0,H
7CWN_5,7CWN.O,1.0,H
7CWN_2,7CWN.D,1.0,H
7CWN_2,7CWN.H,1.0,H
7CWN_2,7CWN.L,1.0,H
7CWN_3,7CWN.E,1.0,L
7CWN_3,7CWN.I,1.0,L
7CWN_3,7CWN.M,1.0,L
7CWO_2,7CWO.B,1.0,H
7CWO_3,7CWO.C,1.0,L
7CWS_3,7CWS.C,1.0,L
7CWS_3,7CWS.E,1.0,L
7CWS_3,7CWS.G,1.0,L
7CWS_4,7CWS.D,1.0,H
7CWS_4,7CWS.F,1.0,H
7CWS_4,7CWS.H,1.0,H
7CWT_2,7CWT.D,1.0,L
7CWT_2,7CWT.F,1.0,L
7CWT_2,7CWT.J,1.0,L
7CWT_3,7CWT.E,1.0,H
7CWT_3,7CWT.G,1.0,H
7CWT_3,7CWT.I,1.0,H
7CWU_4,7CWU.J,1.0,H
7CWU_4,7CWU.L,1.0,H
7CWU_4,7CWU.N,1.0,H
7CWU_5,7CWU.K,1.0,L
7CWU_5,7CWU.M,1.0,L
7CWU_5,7CWU.O,1.0,L
7CYH_2,7CYH.B,1.0,L
7CYH_3,7CYH.C,1.0,H
7CYP_2,7CYP.D,1.0,L
7CYP_2,7CYP.F,1.0,L
7CYP_2,7CYP.H,1.0,L
7CYP_3,7CYP.E,1.0,H
7CYP_3,7CYP.G,1.0,H
7CYP_3,7CYP.I,1.0,H
7CYV_1,7CYV.A,0.0,H
7CZP_2,7CZP.D,1.0,H
7CZP_2,7CZP.F,1.0,H
7CZP_3,7CZP.E,1.0,L
7CZP_3,7CZP.G,1.0,L
7CZQ_2,7CZQ.D,1.0,H
7CZQ_2,7CZQ.F,1.0,H
7CZQ_3,7CZQ.E,1.0,L
7CZQ_3,7CZQ.G,1.0,L
7CZR_2,7CZR.D,1.0,H
7CZR_2,7CZR.F,1.0,H
7CZR_3,7CZR.E,1.0,L
7CZR_3,7CZR.G,1.0,L
7CZS_2,7CZS.D,1.0,H
7CZS_2,7CZS.F,1.0,H
7CZS_2,7CZS.H,1.0,H
7CZS_3,7CZS.E,1.0,L
7CZS_3,7CZS.G,1.0,L
7CZS_3,7CZS.I,1.0,L
7CZT_2,7CZT.D,1.0,H
7CZT_2,7CZT.F,1.0,H
7CZT_3,7CZT.E,1.0,L
7CZT_3,7CZT.G,1.0,L
7CZU_2,7CZU.D,1.0,H
7CZU_2,7CZU.F,1.0,H
7CZU_3,7CZU.E,1.0,L
7CZU_3,7CZU.G,1.0,L
7CZV_2,7CZV.D,1.0,H
7CZV_2,7CZV.F,1.0,H
7CZV_2,7CZV.H,1.0,H
7CZV_3,7CZV.E,1.0,L
7CZV_3,7CZV.G,1.0,L
7CZV_3,7CZV.I,1.0,L
7CZW_2,7CZW.D,1.0,H
7CZW_2,7CZW.F,1.0,H
7CZW_3,7CZW.E,1.0,L
7CZW_3,7CZW.G,1.0,L
7CZX_2,7CZX.D,1.0,H
7CZX_2,7CZX.F,1.0,H
7CZX_2,7CZX.H,1.0,H
7CZX_3,7CZX.E,1.0,L
7CZX_3,7CZX.G,1.0,L
7CZX_3,7CZX.I,1.0,L
7CZY_2,7CZY.D,1.0,H
7CZY_2,7CZY.F,1.0,H
7CZY_3,7CZY.E,1.0,L
7CZY_3,7CZY.G,1.0,L
7CZZ_2,7CZZ.D,1.0,H
7CZZ_2,7CZZ.F,1.0,H
7CZZ_2,7CZZ.H,1.0,H
7CZZ_3,7CZZ.E,1.0,L
7CZZ_3,7CZZ.G,1.0,L
7CZZ_3,7CZZ.I,1.0,L
7D00_2,7D00.D,1.0,H
7D00_2,7D00.F,1.0,H
7D00_3,7D00.E,1.0,L
7D00_3,7D00.G,1.0,L
7D03_2,7D03.D,1.0,H
7D03_3,7D03.E,1.0,L
7D0B_2,7D0B.D,1.0,H
7D0B_3,7D0B.E,1.0,L
7D0C_2,7D0C.D,1.0,H
7D0C_2,7D0C.F,1.0,H
7D0C_3,7D0C.E,1.0,L
7D0C_3,7D0C.G,1.0,L
7D0D_2,7D0D.C,1.0,H
7D0D_2,7D0D.E,1.0,H
7D0D_3,7D0D.D,1.0,L
7D0D_3,7D0D.F,1.0,L
7D2Z_1,7D2Z.A,0.0,H
7D30_1,7D30.A,0.0,H
7D6I_2,7D6I.B,1.0,H
7D6I_3,7D6I.C,1.0,L
7DCC_1,7DCC.A,1.0,H
7DCC_1,7DCC.B,1.0,H
7DCC_1,7DCC.C,1.0,H
7DCC_3,7DCC.E,1.0,L
7DCC_3,7DCC.F,1.0,L
7DCC_3,7DCC.I,1.0,L
7DCX_1,7DCX.A,1.0,H
7DCX_1,7DCX.B,1.0,H
7DCX_1,7DCX.D,1.0,H
7DCX_3,7DCX.E,1.0,L
7DCX_3,7DCX.F,1.0,L
7DCX_3,7DCX.G,1.0,L
7DD2_2,7DD2.C,1.0,H
7DD2_2,7DD2.F,1.0,H
7DD2_3,7DD2.D,1.0,L
7DD2_3,7DD2.G,1.0,L
7DD8_1,7DD8.A,1.0,H
7DD8_2,7DD8.B,1.0,L
7DEO_1,7DEO.A,0.0,H
7DEO_1,7DEO.C,0.0,H
7DET_2,7DET.B,0.0,H
7DET_2,7DET.D,0.0,H
7DEU_2,7DEU.B,0.0,H
7DJZ_1,7DJZ.A,1.0,H
7DJZ_2,7DJZ.B,1.0,L
7DK0_1,7DK0.A,1.0,H
7DK0_2,7DK0.B,1.0,L
7DK2_1,7DK2.A,1.0,H
7DK2_1,7DK2.D,1.0,H
7DK2_1,7DK2.G,1.0,H
7DK2_1,7DK2.J,1.0,H
7DK2_2,7DK2.B,1.0,L
7DK2_2,7DK2.E,1.0,L
7DK2_2,7DK2.H,1.0,L
7DK2_2,7DK2.K,1.0,L
7DK4_1,7DK4.A,1.0,H
7DK4_1,7DK4.F,1.0,H
7DK4_1,7DK4.H,1.0,H
7DK4_2,7DK4.B,1.0,L
7DK4_2,7DK4.G,1.0,L
7DK4_2,7DK4.I,1.0,L
7DK5_2,7DK5.C,1.0,H
7DK5_3,7DK5.D,1.0,L
7DK6_2,7DK6.D,1.0,H
7DK6_2,7DK6.F,1.0,H
7DK6_3,7DK6.E,1.0,L
7DK6_3,7DK6.G,1.0,L
7DK7_1,7DK7.A,1.0,H
7DK7_1,7DK7.E,1.0,H
7DK7_1,7DK7.G,1.0,H
7DK7_2,7DK7.B,1.0,L
7DK7_2,7DK7.F,1.0,L
7DK7_2,7DK7.H,1.0,L
7DPM_1,7DPM.A,1.0,H
7DPM_1,7DPM.D,1.0,H
7DPM_1,7DPM.G,1.0,H
7DPM_1,7DPM.J,1.0,H
7DPM_2,7DPM.B,1.0,L
7DPM_2,7DPM.E,1.0,L
7DPM_2,7DPM.H,1.0,L
7DPM_2,7DPM.K,1.0,L
7DX4_3,7DX4.C,1.0,H
7DX4_4,7DX4.D,1.0,L
7E23_2,7E23.B,1.0,H
7E23_3,7E23.C,1.0,L
7E39_2,7E39.B,1.0,L
7E39_3,7E39.C,1.0,H
7E3B_2,7E3B.B,1.0,H
7E3B_3,7E3B.C,1.0,L
7E3C_2,7E3C.B,1.0,L
7E3C_3,7E3C.C,1.0,H
7E3K_2,7E3K.D,1.0,H
7E3K_2,7E3K.F,1.0,H
7E3K_2,7E3K.H,1.0,H
7E3K_3,7E3K.E,1.0,L
7E3K_3,7E3K.G,1.0,L
7E3K_3,7E3K.I,1.0,L
7E3L_2,7E3L.D,1.0,H
7E3L_2,7E3L.F,1.0,H
7E3L_2,7E3L.H,1.0,H
7E3L_3,7E3L.E,1.0,L
7E3L_3,7E3L.G,1.0,L
7E3L_3,7E3L.I,1.0,L
7E3O_1,7E3O.A,1.0,L
7E3O_2,7E3O.B,1.0,H
7E5O_1,7E5O.A,1.0,H
7E5O_2,7E5O.B,1.0,L
7E5R_1,7E5R.A,1.0,L
7E5R_1,7E5R.C,1.0,L
7E5R_1,7E5R.E,1.0,L
7E5R_2,7E5R.B,1.0,H
7E5R_2,7E5R.D,1.0,H
7E5R_2,7E5R.F,1.0,H
7E5R_4,7E5R.H,1.0,H
7E5R_4,7E5R.J,1.0,H
7E5R_4,7E5R.L,1.0,H
7E5R_5,7E5R.I,1.0,L
7E5R_5,7E5R.K,1.0,L
7E5R_5,7E5R.M,1.0,L
7E5S_2,7E5S.D,1.0,L
7E5S_2,7E5S.F,1.0,L
7E5S_3,7E5S.E,1.0,H
7E5S_3,7E5S.J,1.0,H
7E5S_7,7E5S.L,1.0,L
7E5S_9,7E5S.O,1.0,H
7E5S_4,7E5S.G,1.0,H
7E5S_4,7E5S.H,1.0,H
7E5S_5,7E5S.I,1.0,L
7E5S_5,7E5S.Q,1.0,L
7E5Y_2,7E5Y.B,1.0,L
7E5Y_2,7E5Y.E,1.0,L
7E5Y_3,7E5Y.C,1.0,H
7E5Y_3,7E5Y.F,1.0,H
7E7Y_1,7E7Y.A,1.0,H
7E7Y_1,7E7Y.D,1.0,H
7E7Y_2,7E7Y.B,1.0,L
7E7Y_2,7E7Y.E,1.0,L
7E86_2,7E86.B,1.0,H
7E86_3,7E86.C,1.0,L
7E88_1,7E88.A,1.0,H
7E88_1,7E88.D,1.0,H
7E88_1,7E88.G,1.0,H
7E88_1,7E88.J,1.0,H
7E88_2,7E88.B,1.0,L
7E88_2,7E88.E,1.0,L
7E88_2,7E88.H,1.0,L
7E88_2,7E88.K,1.0,L
7E8C_6,7E8C.I,1.0,H
7E8C_6,7E8C.K,1.0,H
7E8C_6,7E8C.U,1.0,H
7E8C_5,7E8C.G,1.0,L
7E8C_5,7E8C.H,1.0,L
7E8C_5,7E8C.T,1.0,L
7E8C_2,7E8C.D,1.0,H
7E8C_2,7E8C.L,1.0,H
7E8C_2,7E8C.M,1.0,H
7E8C_3,7E8C.E,1.0,L
7E8C_3,7E8C.N,1.0,L
7E8C_3,7E8C.O,1.0,L
7E8F_4,7E8F.D,1.0,H
7E8F_5,7E8F.E,1.0,L
7E8F_6,7E8F.F,1.0,H
7E8F_7,7E8F.G,1.0,L
7E9N_2,7E9N.D,1.0,L
7E9N_2,7E9N.F,1.0,L
7E9N_2,7E9N.H,1.0,L
7E9N_3,7E9N.E,1.0,H
7E9N_3,7E9N.G,1.0,H
7E9N_3,7E9N.I,1.0,H
7E9O_2,7E9O.D,1.0,L
7E9O_2,7E9O.F,1.0,L
7E9O_2,7E9O.H,1.0,L
7E9O_3,7E9O.E,1.0,H
7E9O_3,7E9O.G,1.0,H
7E9O_3,7E9O.I,1.0,H
7E9P_2,7E9P.B,1.0,L
7E9P_3,7E9P.C,1.0,H
7E9Q_2,7E9Q.D,1.0,L
7E9Q_2,7E9Q.F,1.0,L
7E9Q_2,7E9Q.H,1.0,L
7E9Q_3,7E9Q.E,1.0,H
7E9Q_3,7E9Q.G,1.0,H
7E9Q_3,7E9Q.I,1.0,H
7EAM_2,7EAM.B,1.0,H
7EAM_2,7EAM.E,1.0,H
7EAM_3,7EAM.C,1.0,L
7EAM_3,7EAM.F,1.0,L
7EAN_2,7EAN.B,1.0,H
7EAN_3,7EAN.C,1.0,L
7EH5_4,7EH5.F,1.0,H
7EH5_4,7EH5.L,1.0,H
7EH5_4,7EH5.M,1.0,H
7EH5_3,7EH5.C,1.0,L
7EH5_3,7EH5.N,1.0,L
7EH5_3,7EH5.O,1.0,L
7EH5_2,7EH5.B,1.0,H
7EH5_2,7EH5.D,1.0,H
7EH5_2,7EH5.E,1.0,H
7EH5_5,7EH5.G,1.0,L
7EH5_5,7EH5.H,1.0,L
7EH5_5,7EH5.I,1.0,L
7EJ4_2,7EJ4.D,1.0,H
7EJ4_2,7EJ4.F,1.0,H
7EJ4_2,7EJ4.H,1.0,H
7EJ4_3,7EJ4.E,1.0,L
7EJ4_3,7EJ4.G,1.0,L
7EJ4_3,7EJ4.I,1.0,L
7EJ5_2,7EJ5.D,1.0,H
7EJ5_2,7EJ5.F,1.0,H
7EJ5_2,7EJ5.H,1.0,H
7EJ5_3,7EJ5.E,1.0,L
7EJ5_3,7EJ5.G,1.0,L
7EJ5_3,7EJ5.I,1.0,L
7EJY_2,7EJY.B,1.0,H
7EJY_3,7EJY.C,1.0,L
7EJZ_2,7EJZ.B,1.0,H
7EJZ_3,7EJZ.C,1.0,L
7EK0_2,7EK0.B,1.0,H
7EK0_3,7EK0.C,1.0,L
7ENF_2,7ENF.D,1.0,L
7ENF_3,7ENF.E,1.0,H
7ENG_1,7ENG.A,1.0,L
7ENG_2,7ENG.B,1.0,H
7EPX_2,7EPX.D,1.0,H
7EPX_2,7EPX.F,1.0,H
7EPX_3,7EPX.E,1.0,L
7EPX_3,7EPX.G,1.0,L
7F46_2,7F46.C,1.0,H
7F46_3,7F46.D,1.0,L
7F5G_2,7F5G.B,0.0,H
7F5G_2,7F5G.D,0.0,H
7F62_2,7F62.B,1.0,H
7F62_3,7F62.C,1.0,L
7F63_2,7F63.B,1.0,H
7F63_3,7F63.C,1.0,L
7F7E_1,7F7E.A,1.0,H
7F7E_2,7F7E.B,1.0,L
7FAE_2,7FAE.D,1.0,H
7FAE_2,7FAE.F,1.0,H
7FAE_2,7FAE.H,1.0,H
7FAE_3,7FAE.E,1.0,L
7FAE_3,7FAE.G,1.0,L
7FAE_3,7FAE.I,1.0,L
7FAF_2,7FAF.B,1.0,H
7FAF_2,7FAF.E,1.0,H
7FAF_2,7FAF.G,1.0,H
7FAF_3,7FAF.C,1.0,L
7FAF_3,7FAF.D,1.0,L
7FAF_3,7FAF.F,1.0,L
7FAT_2,7FAT.B,0.0,H
7FAU_2,7FAU.B,0.0,H
7FAU_2,7FAU.D,0.0,H
7FG2_2,7FG2.B,0.0,H
7FG3_2,7FG3.B,0.0,H
7JMO_2,7JMO.B,1.0,H
7JMO_3,7JMO.C,1.0,L
7JMP_2,7JMP.B,1.0,H
7JMP_3,7JMP.C,1.0,L
7JMW_2,7JMW.B,1.0,H
7JMW_3,7JMW.C,1.0,L
7JV2_1,7JV2.A,1.0,H
7JV2_2,7JV2.B,1.0,L
7JV4_2,7JV4.D,1.0,H
7JV4_2,7JV4.F,1.0,H
7JV4_2,7JV4.H,1.0,H
7JV4_3,7JV4.E,1.0,L
7JV4_3,7JV4.G,1.0,L
7JV4_3,7JV4.I,1.0,L
7JV6_2,7JV6.B,1.0,H
7JV6_2,7JV6.E,1.0,H
7JV6_2,7JV6.H,1.0,H
7JV6_3,7JV6.C,1.0,L
7JV6_3,7JV6.F,1.0,L
7JV6_3,7JV6.I,1.0,L
7JVA_1,7JVA.A,1.0,H
7JVA_2,7JVA.B,1.0,L
7JVB_2,7JVB.B,0.0,H
7JVB_2,7JVB.D,0.0,H
7JVC_2,7JVC.B,1.0,H
7JVC_2,7JVC.E,1.0,H
7JVC_2,7JVC.H,1.0,H
7JVC_3,7JVC.C,1.0,L
7JVC_3,7JVC.F,1.0,L
7JVC_3,7JVC.I,1.0,L
7JW0_2,7JW0.B,1.0,L
7JW0_2,7JW0.E,1.0,L
7JW0_2,7JW0.H,1.0,L
7JW0_3,7JW0.C,1.0,H
7JW0_3,7JW0.F,1.0,H
7JW0_3,7JW0.I,1.0,H
7JWB_1,7JWB.A,0.0,H
7JX3_3,7JX3.C,1.0,L
7JX3_4,7JX3.D,1.0,H
7JX3_5,7JX3.E,1.0,L
7JX3_6,7JX3.F,1.0,H
7JX3_1,7JX3.A,1.0,L
7JX3_2,7JX3.B,1.0,H
7K43_2,7K43.B,1.0,H
7K43_2,7K43.E,1.0,H
7K43_2,7K43.H,1.0,H
7K43_3,7K43.C,1.0,L
7K43_3,7K43.F,1.0,L
7K43_3,7K43.I,1.0,L
7K45_1,7K45.A,1.0,H
7K45_2,7K45.B,1.0,L
7K4N_2,7K4N.B,1.0,H
7K4N_2,7K4N.E,1.0,H
7K4N_2,7K4N.H,1.0,H
7K4N_3,7K4N.C,1.0,L
7K4N_3,7K4N.F,1.0,L
7K4N_3,7K4N.I,1.0,L
7K8M_1,7K8M.A,1.0,H
7K8M_2,7K8M.B,1.0,L
7K8S_2,7K8S.D,1.0,H
7K8S_2,7K8S.F,1.0,H
7K8S_2,7K8S.H,1.0,H
7K8S_3,7K8S.E,1.0,L
7K8S_3,7K8S.G,1.0,L
7K8S_3,7K8S.I,1.0,L
7K8T_2,7K8T.D,1.0,H
7K8T_2,7K8T.F,1.0,H
7K8T_2,7K8T.H,1.0,H
7K8T_3,7K8T.E,1.0,L
7K8T_3,7K8T.G,1.0,L
7K8T_3,7K8T.I,1.0,L
7K8U_2,7K8U.D,1.0,H
7K8U_3,7K8U.E,1.0,L
7K8V_2,7K8V.D,1.0,H
7K8V_2,7K8V.F,1.0,H
7K8V_3,7K8V.E,1.0,L
7K8V_3,7K8V.G,1.0,L
7K8W_2,7K8W.D,1.0,H
7K8W_2,7K8W.F,1.0,H
7K8W_3,7K8W.E,1.0,L
7K8W_3,7K8W.G,1.0,L
7K8X_2,7K8X.D,1.0,H
7K8X_2,7K8X.E,1.0,H
7K8X_3,7K8X.F,1.0,L
7K8X_3,7K8X.G,1.0,L
7K8Y_2,7K8Y.D,1.0,H
7K8Y_3,7K8Y.E,1.0,L
7K8Z_2,7K8Z.D,1.0,H
7K8Z_2,7K8Z.F,1.0,H
7K8Z_3,7K8Z.E,1.0,L
7K8Z_3,7K8Z.G,1.0,L
7K90_2,7K90.D,1.0,H
7K90_2,7K90.E,1.0,H
7K90_2,7K90.F,1.0,H
7K90_3,7K90.G,1.0,L
7K90_3,7K90.H,1.0,L
7K90_3,7K90.I,1.0,L
7K9H_2,7K9H.D,1.0,H
7K9H_2,7K9H.E,1.0,H
7K9H_3,7K9H.F,1.0,L
7K9H_3,7K9H.G,1.0,L
7K9I_2,7K9I.B,1.0,H
7K9I_3,7K9I.C,1.0,L
7K9J_2,7K9J.D,1.0,H
7K9J_2,7K9J.E,1.0,H
7K9J_2,7K9J.F,1.0,H
7K9J_3,7K9J.G,1.0,L
7K9J_3,7K9J.H,1.0,L
7K9J_3,7K9J.I,1.0,L
7K9K_2,7K9K.B,1.0,H
7K9K_3,7K9K.C,1.0,L
7K9Z_4,7K9Z.D,1.0,H
7K9Z_3,7K9Z.C,1.0,L
7K9Z_1,7K9Z.A,1.0,H
7K9Z_2,7K9Z.B,1.0,L
7KFV_2,7KFV.C,1.0,H
7KFV_2,7KFV.F,1.0,H
7KFV_2,7KFV.H,1.0,H
7KFV_3,7KFV.D,1.0,L
7KFV_3,7KFV.G,1.0,L
7KFV_3,7KFV.I,1.0,L
7KFW_2,7KFW.C,1.0,H
7KFW_2,7KFW.F,1.0,H
7KFW_2,7KFW.H,1.0,H
7KFW_3,7KFW.D,1.0,L
7KFW_3,7KFW.G,1.0,L
7KFW_3,7KFW.I,1.0,L
7KFX_2,7KFX.B,1.0,H
7KFX_3,7KFX.C,1.0,L
7KFY_2,7KFY.B,1.0,H
7KFY_3,7KFY.C,1.0,L
7KGJ_2,7KGJ.B,0.0,H
7KGK_2,7KGK.B,0.0,H
7KKK_2,7KKK.B,0.0,H
7KKK_2,7KKK.D,0.0,H
7KKK_2,7KKK.F,0.0,H
7KKL_2,7KKL.B,0.0,H
7KKL_2,7KKL.D,0.0,H
7KKL_2,7KKL.F,0.0,H
7KLG_1,7KLG.A,1.0,H
7KLG_1,7KLG.C,1.0,H
7KLG_2,7KLG.B,1.0,L
7KLG_2,7KLG.D,1.0,L
7KLH_1,7KLH.A,1.0,H
7KLH_1,7KLH.C,1.0,H
7KLH_2,7KLH.B,1.0,L
7KLH_2,7KLH.D,1.0,L
7KLW_2,7KLW.B,0.0,H
7KLW_3,7KLW.C,0.0,H
7KM5_2,7KM5.C,0.0,H
7KM5_2,7KM5.D,0.0,H
7KMG_1,7KMG.A,1.0,H
7KMG_1,7KMG.D,1.0,H
7KMG_2,7KMG.B,1.0,L
7KMG_2,7KMG.E,1.0,L
7KMH_1,7KMH.A,1.0,H
7KMH_2,7KMH.B,1.0,L
7KMI_1,7KMI.A,1.0,H
7KMI_2,7KMI.B,1.0,L
7KMK_2,7KMK.D,1.0,L
7KMK_2,7KMK.F,1.0,L
7KMK_3,7KMK.E,1.0,H
7KMK_3,7KMK.G,1.0,H
7KML_2,7KML.D,1.0,L
7KML_2,7KML.F,1.0,L
7KML_2,7KML.H,1.0,L
7KML_3,7KML.E,1.0,H
7KML_3,7KML.G,1.0,H
7KML_3,7KML.I,1.0,H
7KN3_2,7KN3.C,1.0,H
7KN3_2,7KN3.E,1.0,H
7KN3_3,7KN3.D,1.0,L
7KN3_3,7KN3.F,1.0,L
7KN4_2,7KN4.C,1.0,H
7KN4_2,7KN4.E,1.0,H
7KN4_3,7KN4.D,1.0,L
7KN4_3,7KN4.F,1.0,L
7KN5_2,7KN5.C,0.0,H
7KN5_2,7KN5.D,0.0,H
7KN5_3,7KN5.E,0.0,H
7KN5_3,7KN5.F,0.0,H
7KN6_3,7KN6.C,1.0,H
7KN6_4,7KN6.D,1.0,L
7KN6_2,7KN6.B,0.0,H
7KN7_3,7KN7.C,1.0,H
7KN7_4,7KN7.D,1.0,L
7KN7_2,7KN7.B,0.0,H
7KQB_2,7KQB.D,1.0,H
7KQB_2,7KQB.F,1.0,H
7KQB_3,7KQB.E,1.0,L
7KQB_3,7KQB.G,1.0,L
7KQE_1,7KQE.A,1.0,H
7KQE_1,7KQE.F,1.0,H
7KQE_1,7KQE.H,1.0,H
7KQE_2,7KQE.B,1.0,L
7KQE_2,7KQE.G,1.0,L
7KQE_2,7KQE.I,1.0,L
7KS9_1,7KS9.A,1.0,L
7KS9_2,7KS9.B,1.0,H
7KSG_2,7KSG.D,0.0,H
7KSG_2,7KSG.E,0.0,H
7KSG_2,7KSG.F,0.0,H
7KXJ_2,7KXJ.D,1.0,L
7KXJ_2,7KXJ.F,1.0,L
7KXJ_2,7KXJ.H,1.0,L
7KXJ_3,7KXJ.E,1.0,H
7KXJ_3,7KXJ.G,1.0,H
7KXJ_3,7KXJ.I,1.0,H
7KXK_2,7KXK.D,1.0,L
7KXK_2,7KXK.F,1.0,L
7KXK_2,7KXK.H,1.0,L
7KXK_3,7KXK.E,1.0,H
7KXK_3,7KXK.G,1.0,H
7KXK_3,7KXK.I,1.0,H
7KZB_1,7KZB.A,1.0,H
7KZB_2,7KZB.B,1.0,L
7KZB_4,7KZB.D,1.0,H
7KZB_5,7KZB.E,1.0,L
7L3N_2,7L3N.D,1.0,H
7L3N_3,7L3N.E,1.0,L
7L56_2,7L56.D,1.0,H
7L56_2,7L56.F,1.0,H
7L56_2,7L56.G,1.0,H
7L56_3,7L56.E,1.0,L
7L56_3,7L56.H,1.0,L
7L56_3,7L56.I,1.0,L
7L57_2,7L57.D,1.0,H
7L57_3,7L57.E,1.0,L
7L58_2,7L58.D,1.0,H
7L58_3,7L58.E,1.0,L
7L5B_2,7L5B.B,1.0,H
7L5B_3,7L5B.C,1.0,L
7L7D_1,7L7D.A,1.0,H
7L7D_2,7L7D.B,1.0,L
7L7E_3,7L7E.C,1.0,H
7L7E_3,7L7E.E,1.0,H
7L7E_3,7L7E.K,1.0,H
7L7E_3,7L7E.M,1.0,H
7L7E_4,7L7E.D,1.0,L
7L7E_4,7L7E.F,1.0,L
7L7E_4,7L7E.L,1.0,L
7L7E_4,7L7E.N,1.0,L
7L7E_1,7L7E.A,1.0,H
7L7E_1,7L7E.G,1.0,H
7L7E_1,7L7E.H,1.0,H
7L7E_1,7L7E.O,1.0,H
7L7E_2,7L7E.B,1.0,L
7L7E_2,7L7E.I,1.0,L
7L7E_2,7L7E.J,1.0,L
7L7E_2,7L7E.P,1.0,L
7LAA_2,7LAA.C,1.0,H
7LAA_3,7LAA.D,1.0,L
7LD1_2,7LD1.D,1.0,H
7LD1_2,7LD1.F,1.0,H
7LD1_2,7LD1.H,1.0,H
7LD1_3,7LD1.E,1.0,L
7LD1_3,7LD1.G,1.0,L
7LD1_3,7LD1.I,1.0,L
7LDJ_2,7LDJ.E,0.0,H
7LDJ_2,7LDJ.F,0.0,H
7LDJ_2,7LDJ.G,0.0,H
7LDJ_2,7LDJ.H,0.0,H
7LJR_2,7LJR.D,1.0,H
7LJR_3,7LJR.E,1.0,L
7LM8_3,7LM8.C,1.0,L
7LM8_2,7LM8.B,1.0,H
7LM8_4,7LM8.D,1.0,H
7LM8_5,7LM8.E,1.0,L
7LOP_1,7LOP.A,1.0,H
7LOP_1,7LOP.C,1.0,H
7LOP_2,7LOP.B,1.0,L
7LOP_2,7LOP.D,1.0,L
7LOP_4,7LOP.F,1.0,H
7LOP_4,7LOP.H,1.0,H
7LOP_5,7LOP.G,1.0,L
7LOP_5,7LOP.I,1.0,L
7LQ7_4,7LQ7.I,1.0,H
7LQ7_4,7LQ7.K,1.0,H
7LQ7_4,7LQ7.L,1.0,H
7LQ7_5,7LQ7.J,1.0,L
7LQ7_5,7LQ7.N,1.0,L
7LQ7_5,7LQ7.O,1.0,L
7LQ7_2,7LQ7.C,1.0,H
7LQ7_2,7LQ7.F,1.0,H
7LQ7_2,7LQ7.M,1.0,H
7LQ7_3,7LQ7.D,1.0,L
7LQ7_3,7LQ7.G,1.0,L
7LQ7_3,7LQ7.H,1.0,L
7LRS_2,7LRS.B,1.0,H
7LRS_3,7LRS.C,1.0,L
7LRT_1,7LRT.A,1.0,H
7LRT_1,7LRT.C,1.0,H
7LRT_1,7LRT.E,1.0,H
7LRT_2,7LRT.B,1.0,L
7LRT_2,7LRT.D,1.0,L
7LRT_2,7LRT.F,1.0,L
7LS9_2,7LS9.B,1.0,H
7LS9_2,7LS9.E,1.0,H
7LS9_2,7LS9.H,1.0,H
7LS9_3,7LS9.C,1.0,L
7LS9_3,7LS9.F,1.0,L
7LS9_3,7LS9.I,1.0,L
7LSS_2,7LSS.D,1.0,L
7LSS_3,7LSS.E,1.0,H
7LX5_3,7LX5.C,0.0,H
7LX5_2,7LX5.B,0.0,H
7LXY_2,7LXY.B,1.0,L
7LXY_2,7LXY.G,1.0,L
7LXY_2,7LXY.L,1.0,L
7LXY_3,7LXY.C,1.0,H
7LXY_3,7LXY.H,1.0,H
7LXY_3,7LXY.M,1.0,H
7LXZ_2,7LXZ.B,1.0,L
7LXZ_2,7LXZ.G,1.0,L
7LXZ_2,7LXZ.L,1.0,L
7LXZ_3,7LXZ.C,1.0,H
7LXZ_3,7LXZ.H,1.0,H
7LXZ_3,7LXZ.M,1.0,H
7LY2_2,7LY2.B,1.0,L
7LY2_2,7LY2.G,1.0,L
7LY2_2,7LY2.L,1.0,L
7LY2_3,7LY2.C,1.0,H
7LY2_3,7LY2.H,1.0,H
7LY2_3,7LY2.M,1.0,H
7M3I_1,7M3I.A,1.0,H
7M3I_1,7M3I.D,1.0,H
7M3I_2,7M3I.B,1.0,L
7M3I_2,7M3I.E,1.0,L
7M42_4,7M42.D,1.0,L
7M42_5,7M42.E,1.0,H
7M42_1,7M42.A,1.0,L
7M42_2,7M42.B,1.0,H
7M6D_4,7M6D.D,1.0,H
7M6D_5,7M6D.E,1.0,L
7M6D_1,7M6D.A,1.0,H
7M6D_2,7M6D.B,1.0,L
7M6E_2,7M6E.C,1.0,H
7M6E_2,7M6E.E,1.0,H
7M6E_2,7M6E.F,1.0,H
7M6E_3,7M6E.G,1.0,L
7M6E_3,7M6E.H,1.0,L
7M6E_3,7M6E.I,1.0,L
7M6F_2,7M6F.C,1.0,H
7M6F_2,7M6F.F,1.0,H
7M6F_3,7M6F.D,1.0,L
7M6F_3,7M6F.G,1.0,L
7M6G_2,7M6G.D,1.0,H
7M6G_2,7M6G.E,1.0,H
7M6G_3,7M6G.F,1.0,L
7M6G_3,7M6G.G,1.0,L
7M6H_2,7M6H.D,1.0,H
7M6H_2,7M6H.E,1.0,H
7M6H_3,7M6H.F,1.0,L
7M6H_3,7M6H.G,1.0,L
7M6I_2,7M6I.D,1.0,H
7M6I_2,7M6I.F,1.0,H
7M6I_3,7M6I.E,1.0,L
7M6I_3,7M6I.G,1.0,L
7M71_2,7M71.C,1.0,H
7M71_3,7M71.D,1.0,L
7M7B_2,7M7B.B,1.0,H
7M7B_3,7M7B.C,1.0,L
7M7W_3,7M7W.C,1.0,L
7M7W_3,7M7W.G,1.0,L
7M7W_4,7M7W.D,1.0,H
7M7W_4,7M7W.H,1.0,H
7M7W_1,7M7W.A,1.0,L
7M7W_1,7M7W.E,1.0,L
7M7W_2,7M7W.B,1.0,H
7M7W_2,7M7W.F,1.0,H
7MDW_3,7MDW.C,0.0,H
7MDW_1,7MDW.A,0.0,H
7ME7_3,7ME7.C,0.0,H
7ME7_2,7ME7.B,0.0,H
7MEJ_1,7MEJ.A,0.0,H
7MEJ_3,7MEJ.C,0.0,H
7MF1_2,7MF1.B,1.0,H
7MF1_3,7MF1.C,1.0,L
7MFU_2,7MFU.B,0.0,H
7MFU_2,7MFU.E,0.0,H
7MFU_3,7MFU.C,0.0,H
7MFU_3,7MFU.F,0.0,H
7MJH_2,7MJH.D,0.0,H
7MJH_2,7MJH.E,0.0,H
7MJH_2,7MJH.F,0.0,H
7MJI_2,7MJI.B,0.0,H
7MJJ_2,7MJJ.D,1.0,H
7MJJ_2,7MJJ.F,1.0,H
7MJJ_3,7MJJ.E,1.0,L
7MJJ_3,7MJJ.G,1.0,L
7MKL_2,7MKL.D,1.0,H
7MKL_3,7MKL.E,1.0,L
7MKM_2,7MKM.B,1.0,H
7MKM_3,7MKM.C,1.0,L
7MLZ_2,7MLZ.B,1.0,H
7MLZ_3,7MLZ.C,1.0,L
7MM0_1,7MM0.A,1.0,H
7MM0_2,7MM0.B,1.0,L
7MMO_1,7MMO.A,1.0,H
7MMO_1,7MMO.D,1.0,H
7MMO_2,7MMO.B,1.0,L
7MMO_2,7MMO.E,1.0,L
7MSQ_2,7MSQ.C,1.0,H
7MSQ_2,7MSQ.E,1.0,H
7MSQ_3,7MSQ.D,1.0,L
7MSQ_3,7MSQ.F,1.0,L
7MW2_2,7MW2.B,1.0,L
7MW2_2,7MW2.E,1.0,L
7MW2_2,7MW2.H,1.0,L
7MW2_3,7MW2.C,1.0,H
7MW2_3,7MW2.F,1.0,H
7MW2_3,7MW2.I,1.0,H
7MW3_1,7MW3.A,1.0,L
7MW3_1,7MW3.E,1.0,L
7MW3_1,7MW3.H,1.0,L
7MW3_2,7MW3.B,1.0,H
7MW3_2,7MW3.F,1.0,H
7MW3_2,7MW3.I,1.0,H
7MW4_2,7MW4.B,1.0,L
7MW4_2,7MW4.E,1.0,L
7MW4_2,7MW4.H,1.0,L
7MW4_3,7MW4.C,1.0,H
7MW4_3,7MW4.F,1.0,H
7MW4_3,7MW4.I,1.0,H
7MW5_1,7MW5.A,1.0,L
7MW5_1,7MW5.E,1.0,L
7MW5_1,7MW5.H,1.0,L
7MW5_2,7MW5.B,1.0,H
7MW5_2,7MW5.F,1.0,H
7MW5_2,7MW5.I,1.0,H
7MW6_2,7MW6.B,1.0,L
7MW6_2,7MW6.D,1.0,L
7MW6_2,7MW6.H,1.0,L
7MW6_3,7MW6.C,1.0,H
7MW6_3,7MW6.E,1.0,H
7MW6_3,7MW6.I,1.0,H
7MY2_2,7MY2.D,0.0,H
7MY2_2,7MY2.E,0.0,H
7MY2_2,7MY2.F,0.0,H
7MY3_2,7MY3.D,0.0,H
7MY3_2,7MY3.E,0.0,H
7MY3_2,7MY3.F,0.0,H
7MZF_2,7MZF.B,1.0,H
7MZF_3,7MZF.C,1.0,L
7MZG_1,7MZG.A,1.0,H
7MZG_2,7MZG.B,1.0,L
7MZH_2,7MZH.B,1.0,H
7MZH_2,7MZH.E,1.0,H
7MZH_3,7MZH.C,1.0,L
7MZH_3,7MZH.F,1.0,L
7MZI_1,7MZI.A,1.0,L
7MZI_2,7MZI.B,1.0,H
7MZJ_5,7MZJ.H,1.0,H
7MZJ_5,7MZJ.I,1.0,H
7MZJ_4,7MZJ.G,1.0,L
7MZJ_4,7MZJ.J,1.0,L
7MZJ_2,7MZJ.B,1.0,H
7MZJ_2,7MZJ.E,1.0,H
7MZJ_1,7MZJ.A,1.0,L
7MZJ_1,7MZJ.D,1.0,L
7MZK_4,7MZK.F,1.0,H
7MZK_4,7MZK.H,1.0,H
7MZK_5,7MZK.G,1.0,L
7MZK_5,7MZK.I,1.0,L
7MZK_1,7MZK.A,1.0,H
7MZK_1,7MZK.D,1.0,H
7MZK_3,7MZK.C,1.0,L
7MZK_3,7MZK.J,1.0,L
7MZL_2,7MZL.B,1.0,H
7MZL_3,7MZL.C,1.0,L
7MZM_1,7MZM.A,1.0,H
7MZM_2,7MZM.B,1.0,L
7MZN_2,7MZN.B,1.0,H
7MZN_3,7MZN.C,1.0,L
7N0G_2,7N0G.D,0.0,H
7N0G_2,7N0G.E,0.0,H
7N0G_2,7N0G.F,0.0,H
7N0H_2,7N0H.D,0.0,H
7N0H_2,7N0H.E,0.0,H
7N3I_2,7N3I.B,1.0,H
7N3I_3,7N3I.C,1.0,L
7N4I_1,7N4I.A,1.0,H
7N4I_2,7N4I.B,1.0,L
7N4J_2,7N4J.B,1.0,H
7N4J_3,7N4J.C,1.0,L
7N4L_2,7N4L.B,1.0,H
7N4L_3,7N4L.C,1.0,L
7N4M_1,7N4M.A,1.0,H
7N4M_3,7N4M.C,1.0,L
7N5H_2,7N5H.D,1.0,H
7N5H_2,7N5H.F,1.0,H
7N5H_2,7N5H.H,1.0,H
7N5H_3,7N5H.E,1.0,L
7N5H_3,7N5H.G,1.0,L
7N5H_3,7N5H.I,1.0,L
7N64_2,7N64.C,1.0,H
7N64_3,7N64.D,1.0,L
7N9A_1,7N9A.A,0.0,H
7N9B_2,7N9B.D,0.0,H
7N9B_2,7N9B.E,0.0,H
7N9C_2,7N9C.D,0.0,H
7N9C_2,7N9C.E,0.0,H
7N9E_1,7N9E.A,0.0,H
7N9T_2,7N9T.D,0.0,H
7N9T_2,7N9T.E,0.0,H
7N9T_2,7N9T.F,0.0,H
7ND3_2,7ND3.D,1.0,H
7ND3_3,7ND3.E,1.0,L
7ND4_2,7ND4.D,1.0,H
7ND4_2,7ND4.F,1.0,H
7ND4_2,7ND4.H,1.0,H
7ND4_3,7ND4.E,1.0,L
7ND4_3,7ND4.G,1.0,L
7ND4_3,7ND4.I,1.0,L
7ND5_2,7ND5.D,1.0,H
7ND5_3,7ND5.E,1.0,L
7ND6_2,7ND6.D,1.0,H
7ND6_3,7ND6.E,1.0,L
7ND7_2,7ND7.D,1.0,H
7ND7_2,7ND7.F,1.0,H
7ND7_2,7ND7.H,1.0,H
7ND7_3,7ND7.E,1.0,L
7ND7_3,7ND7.G,1.0,L
7ND7_3,7ND7.I,1.0,L
7ND8_2,7ND8.D,1.0,H
7ND8_3,7ND8.E,1.0,L
7ND9_2,7ND9.D,1.0,H
7ND9_3,7ND9.E,1.0,L
7NDA_2,7NDA.D,1.0,H
7NDA_3,7NDA.E,1.0,L
7NDB_2,7NDB.D,1.0,H
7NDB_3,7NDB.E,1.0,L
7NEH_1,7NEH.A,1.0,H
7NEH_2,7NEH.B,1.0,L
7NKT_2,7NKT.B,0.0,H
7NLL_2,7NLL.C,0.0,H
7NLL_2,7NLL.D,0.0,H
7NP1_2,7NP1.E,1.0,H
7NP1_2,7NP1.F,1.0,H
7NP1_2,7NP1.G,1.0,H
7NP1_2,7NP1.H,1.0,H
7NP1_3,7NP1.I,1.0,L
7NP1_3,7NP1.J,1.0,L
7NP1_3,7NP1.K,1.0,L
7NP1_3,7NP1.L,1.0,L
7NS6_1,7NS6.A,0.0,H
7NS6_1,7NS6.B,0.0,H
7NS6_1,7NS6.C,0.0,H
7NS6_1,7NS6.D,0.0,H
7NS6_1,7NS6.E,0.0,H
7NS6_1,7NS6.F,0.0,H
7NX6_4,7NX6.D,1.0,H
7NX6_5,7NX6.E,1.0,L
7NX6_1,7NX6.A,1.0,H
7NX6_2,7NX6.B,1.0,L
7OAN_2,7OAN.D,0.0,H
7OAN_2,7OAN.E,0.0,H
7OAN_2,7OAN.F,0.0,H
7OAO_2,7OAO.B,0.0,H
7OAP_1,7OAP.A,0.0,H
7OAP_3,7OAP.C,0.0,H
7OAQ_1,7OAQ.A,0.0,H
7OAQ_3,7OAQ.C,0.0,H
7OAY_2,7OAY.B,0.0,H
7OAY_2,7OAY.D,0.0,H
7OAY_2,7OAY.F,0.0,H
7OAY_2,7OAY.H,0.0,H
7OAY_2,7OAY.J,0.0,H
7OAY_2,7OAY.L,0.0,H
7OLZ_1,7OLZ.A,0.0,H
7OLZ_2,7OLZ.B,0.0,H
7OR9_2,7OR9.B,1.0,H
7OR9_3,7OR9.C,1.0,L
7OR9_4,7OR9.D,1.0,H
7OR9_5,7OR9.E,1.0,L
7P40_2,7P40.B,1.0,L
7P40_2,7P40.D,1.0,L
7P40_2,7P40.H,1.0,L
7P40_3,7P40.C,1.0,H
7P40_3,7P40.F,1.0,H
7P40_3,7P40.I,1.0,H
7P77_2,7P77.D,0.0,H
7P77_2,7P77.E,0.0,H
7P77_2,7P77.F,0.0,H
7P77_3,7P77.G,0.0,H
7P77_3,7P77.H,0.0,H
7P77_3,7P77.I,0.0,H
7P78_2,7P78.D,0.0,H
7P78_2,7P78.E,0.0,H
7P78_2,7P78.F,0.0,H
7P78_3,7P78.G,0.0,H
7P78_3,7P78.H,0.0,H
7P79_2,7P79.D,0.0,H
7P79_2,7P79.E,0.0,H
7P79_2,7P79.F,0.0,H
7P7A_2,7P7A.D,0.0,H
7P7A_2,7P7A.E,0.0,H
7PHG_2,7PHG.B,1.0,H
7PHG_3,7PHG.C,1.0,L
7PQY_2,7PQY.C,1.0,H
7PQY_2,7PQY.E,1.0,H
7PQY_3,7PQY.D,1.0,L
7PQY_3,7PQY.F,1.0,L
7PQZ_4,7PQZ.D,1.0,H
7PQZ_5,7PQZ.E,1.0,L
7PQZ_2,7PQZ.B,1.0,H
7PQZ_3,7PQZ.C,1.0,L
7PR0_2,7PR0.B,1.0,L
7PR0_2,7PR0.E,1.0,L
7PR0_2,7PR0.H,1.0,L
7PR0_3,7PR0.C,1.0,H
7PR0_3,7PR0.F,1.0,H
7PR0_3,7PR0.I,1.0,H
7Q0A_2,7Q0A.D,1.0,H
7Q0A_3,7Q0A.E,1.0,L
7QEZ_2,7QEZ.B,1.0,H
7QEZ_3,7QEZ.C,1.0,L
7QEZ_4,7QEZ.D,1.0,H
7QEZ_5,7QEZ.E,1.0,L
7QF0_2,7QF0.B,1.0,H
7QF0_3,7QF0.C,1.0,L
7QF1_2,7QF1.C,1.0,L
7QF1_2,7QF1.E,1.0,L
7QF1_3,7QF1.D,1.0,H
7QF1_3,7QF1.F,1.0,H
7QNX_3,7QNX.C,1.0,H
7QNX_4,7QNX.D,1.0,L
7QNX_1,7QNX.A,1.0,H
7QNX_2,7QNX.B,1.0,L
7QNY_4,7QNY.D,1.0,H
7QNY_5,7QNY.E,1.0,L
7QNY_1,7QNY.A,1.0,H
7QNY_2,7QNY.B,1.0,L
7R40_2,7R40.B,1.0,L
7R40_2,7R40.E,1.0,L
7R40_2,7R40.H,1.0,L
7R40_3,7R40.C,1.0,H
7R40_3,7R40.F,1.0,H
7R40_3,7R40.I,1.0,H
7R6W_3,7R6W.C,1.0,L
7R6W_4,7R6W.D,1.0,H
7R6W_1,7R6W.A,1.0,L
7R6W_2,7R6W.B,1.0,H
7R6X_6,7R6X.F,1.0,L
7R6X_7,7R6X.G,1.0,H
7R6X_1,7R6X.A,1.0,L
7R6X_2,7R6X.B,1.0,H
7R6X_4,7R6X.D,1.0,L
7R6X_5,7R6X.E,1.0,H
7R7N_1,7R7N.A,1.0,H
7R7N_3,7R7N.C,1.0,L
7R8L_1,7R8L.A,1.0,H
7R8L_2,7R8L.B,1.0,L
7R8L_4,7R8L.D,1.0,H
7R8L_5,7R8L.E,1.0,L
7R8M_2,7R8M.D,1.0,H
7R8M_2,7R8M.F,1.0,H
7R8M_3,7R8M.E,1.0,L
7R8M_3,7R8M.G,1.0,L
7R8N_2,7R8N.D,1.0,H
7R8N_2,7R8N.F,1.0,H
7R8N_2,7R8N.H,1.0,H
7R8N_3,7R8N.E,1.0,L
7R8N_3,7R8N.G,1.0,L
7R8N_3,7R8N.I,1.0,L
7R8O_2,7R8O.D,1.0,H
7R8O_2,7R8O.F,1.0,H
7R8O_2,7R8O.H,1.0,H
7R8O_3,7R8O.E,1.0,L
7R8O_3,7R8O.G,1.0,L
7R8O_3,7R8O.I,1.0,L
7RA8_2,7RA8.B,1.0,H
7RA8_2,7RA8.E,1.0,H
7RA8_2,7RA8.H,1.0,H
7RA8_3,7RA8.C,1.0,L
7RA8_3,7RA8.F,1.0,L
7RA8_3,7RA8.I,1.0,L
7RAL_1,7RAL.A,1.0,H
7RAL_2,7RAL.B,1.0,L
7RBY_2,7RBY.B,0.0,H
7RBY_2,7RBY.D,0.0,H
7RKU_2,7RKU.E,1.0,H
7RKU_2,7RKU.G,1.0,H
7RKU_2,7RKU.H,1.0,H
7RKU_2,7RKU.J,1.0,H
7RKU_3,7RKU.F,1.0,L
7RKU_3,7RKU.I,1.0,L
7RKU_3,7RKU.K,1.0,L
7RKU_3,7RKU.L,1.0,L
7RKV_2,7RKV.D,1.0,H
7RKV_2,7RKV.F,1.0,H
7RKV_2,7RKV.H,1.0,H
7RKV_3,7RKV.E,1.0,L
7RKV_3,7RKV.G,1.0,L
7RKV_3,7RKV.I,1.0,L
7RR0_2,7RR0.B,1.0,H
7RR0_3,7RR0.C,1.0,L
7RXD_2,7RXD.B,1.0,H
7RXD_3,7RXD.C,1.0,L
7RXD_4,7RXD.D,0.0,H
7S0B_1,7S0B.A,1.0,H
7S0B_1,7S0B.C,1.0,H
7S0B_2,7S0B.B,1.0,L
7S0B_2,7S0B.D,1.0,L
7S0C_2,7S0C.D,1.0,H
7S0C_2,7S0C.F,1.0,H
7S0C_3,7S0C.E,1.0,L
7S0C_3,7S0C.G,1.0,L
7S0E_2,7S0E.B,1.0,H
7S0E_3,7S0E.C,1.0,L
7S4S_2,7S4S.B,1.0,H
7S4S_3,7S4S.C,1.0,L
7S5R_2,7S5R.B,1.0,H
7S5R_3,7S5R.C,1.0,L
7S5R_4,7S5R.D,1.0,H
7S5R_5,7S5R.E,1.0,L
7S6J_2,7S6J.B,1.0,H
7S6J_2,7S6J.E,1.0,H
7S6J_2,7S6J.H,1.0,H
7S6J_3,7S6J.C,1.0,L
7S6J_3,7S6J.F,1.0,L
7S6J_3,7S6J.I,1.0,L
7S6K_2,7S6K.B,1.0,H
7S6K_2,7S6K.E,1.0,H
7S6K_2,7S6K.H,1.0,H
7S6K_3,7S6K.C,1.0,L
7S6K_3,7S6K.F,1.0,L
7S6K_3,7S6K.I,1.0,L
7S6L_2,7S6L.B,1.0,H
7S6L_3,7S6L.C,1.0,L
7SBU_2,7SBU.B,1.0,H
7SBU_3,7SBU.C,1.0,L
7SC1_2,7SC1.B,1.0,H
7SC1_2,7SC1.E,1.0,H
7SC1_2,7SC1.H,1.0,H
7SC1_3,7SC1.C,1.0,L
7SC1_3,7SC1.F,1.0,L
7SC1_3,7SC1.I,1.0,L
7SD5_2,7SD5.B,1.0,H
7SD5_3,7SD5.C,1.0,L
7SI2_1,7SI2.A,1.0,L
7SI2_1,7SI2.C,1.0,L
7SI2_1,7SI2.F,1.0,L
7SI2_2,7SI2.B,1.0,H
7SI2_2,7SI2.D,1.0,H
7SI2_2,7SI2.E,1.0,H
7SN2_2,7SN2.B,1.0,H
7SN2_3,7SN2.C,1.0,L
7SN3_2,7SN3.D,1.0,H
7SN3_2,7SN3.F,1.0,H
7SN3_2,7SN3.H,1.0,H
7SN3_3,7SN3.E,1.0,L
7SN3_3,7SN3.G,1.0,L
7SN3_3,7SN3.I,1.0,L
7SWN_2,7SWN.B,1.0,H
7SWN_3,7SWN.C,1.0,L
7SWO_2,7SWO.B,1.0,H
7SWO_3,7SWO.C,1.0,L
7SWP_2,7SWP.B,1.0,H
7SWP_3,7SWP.C,1.0,L
7T01_2,7T01.B,1.0,H
7T01_3,7T01.C,1.0,L
7TAS_1,7TAS.A,1.0,H
7TAS_2,7TAS.B,1.0,L
7TAT_2,7TAT.D,1.0,H
7TAT_2,7TAT.F,1.0,H
7TAT_2,7TAT.H,1.0,H
7TAT_3,7TAT.E,1.0,L
7TAT_3,7TAT.G,1.0,L
7TAT_3,7TAT.I,1.0,L
7TB8_2,7TB8.D,1.0,H
7TB8_2,7TB8.F,1.0,H
7TB8_2,7TB8.J,1.0,H
7TB8_3,7TB8.E,1.0,L
7TB8_3,7TB8.G,1.0,L
7TB8_3,7TB8.K,1.0,L
7TB8_4,7TB8.H,1.0,H
7TB8_5,7TB8.I,1.0,L
7TBF_4,7TBF.D,1.0,H
7TBF_5,7TBF.E,1.0,L
7TBF_2,7TBF.B,1.0,H
7TBF_3,7TBF.C,1.0,L
7TE1_1,7TE1.A,1.0,H
7TE1_1,7TE1.C,1.0,H
7TE1_2,7TE1.B,1.0,L
7TE1_2,7TE1.D,1.0,L
7THE_2,7THE.B,1.0,H
7THE_3,7THE.C,1.0,L
7THT_2,7THT.D,1.0,H
7THT_2,7THT.F,1.0,H
7THT_2,7THT.H,1.0,H
7THT_3,7THT.E,1.0,L
7THT_3,7THT.G,1.0,L
7THT_3,7THT.I,1.0,L
7TP3_2,7TP3.B,1.0,H
7TP3_3,7TP3.C,1.0,L
7TP4_2,7TP4.B,1.0,H
7TP4_3,7TP4.C,1.0,L
7TPR_3,7TPR.F,0.0,H
7TPR_3,7TPR.G,0.0,H
7TPR_3,7TPR.H,0.0,H
7TPR_2,7TPR.D,0.0,H
7TPR_2,7TPR.E,0.0,H
7U2D_2,7U2D.B,1.0,H
7U2D_3,7U2D.C,1.0,L
7U2E_2,7U2E.B,1.0,H
7U2E_3,7U2E.C,1.0,L
7V26_2,7V26.D,1.0,H
7V26_2,7V26.F,1.0,H
7V26_2,7V26.H,1.0,H
7V26_3,7V26.E,1.0,L
7V26_3,7V26.G,1.0,L
7V26_3,7V26.I,1.0,L
7V2A_2,7V2A.B,1.0,L
7V2A_2,7V2A.F,1.0,L
7V2A_2,7V2A.G,1.0,L
7V2A_3,7V2A.C,1.0,H
7V2A_3,7V2A.H,1.0,H
7V2A_3,7V2A.I,1.0,H
7VMU_1,7VMU.A,0.0,H
7VNB_1,7VNB.A,0.0,H
7VNC_2,7VNC.B,0.0,H
7VND_2,7VND.D,0.0,H
7VND_2,7VND.E,0.0,H
7VNE_2,7VNE.B,0.0,H
7VNE_2,7VNE.D,0.0,H
7VNE_2,7VNE.F,0.0,H
7VYR_1,7VYR.A,1.0,H
7VYR_1,7VYR.D,1.0,H
7VYR_2,7VYR.B,1.0,L
7VYR_2,7VYR.E,1.0,L
7WPH_2,7WPH.C,1.0,L
7WPH_2,7WPH.F,1.0,L
7WPH_3,7WPH.D,1.0,H
7WPH_3,7WPH.E,1.0,H
7WS0_2,7WS0.D,1.0,L
7WS0_2,7WS0.F,1.0,L
7WS0_2,7WS0.H,1.0,L
7WS0_3,7WS0.E,1.0,H
7WS0_3,7WS0.G,1.0,H
7WS0_3,7WS0.I,1.0,H
7WS1_2,7WS1.D,1.0,L
7WS1_2,7WS1.F,1.0,L
7WS1_2,7WS1.H,1.0,L
7WS1_2,7WS1.J,1.0,L
7WS1_3,7WS1.E,1.0,H
7WS1_3,7WS1.G,1.0,H
7WS1_3,7WS1.I,1.0,H
7WS1_3,7WS1.K,1.0,H
7WS2_1,7WS2.A,1.0,L
7WS2_3,7WS2.C,1.0,H
7WS7_2,7WS7.B,1.0,L
7WS7_2,7WS7.D,1.0,L
7WS7_3,7WS7.C,1.0,H
7WS7_3,7WS7.E,1.0,H
7WUE_2,7WUE.B,1.0,H
7WUE_2,7WUE.E,1.0,H
7WUE_3,7WUE.C,1.0,L
7WUE_3,7WUE.F,1.0,L
7WUH_2,7WUH.D,1.0,H
7WUH_2,7WUH.F,1.0,H
7WUH_2,7WUH.H,1.0,H
7WUH_3,7WUH.E,1.0,L
7WUH_3,7WUH.G,1.0,L
7WUH_3,7WUH.I,1.0,L
7X7O_2,7X7O.E,1.0,H
7X7O_2,7X7O.G,1.0,H
7X7O_2,7X7O.H,1.0,H
7X7O_2,7X7O.J,1.0,H
7X7O_3,7X7O.F,1.0,L
7X7O_3,7X7O.I,1.0,L
7X7O_3,7X7O.K,1.0,L
7X7O_3,7X7O.L,1.0,L
7Z0X_1,7Z0X.A,1.0,H
7Z0X_2,7Z0X.B,1.0,L
7Z0Y_1,7Z0Y.A,1.0,H
7Z0Y_2,7Z0Y.B,1.0,L
7Z1A_3,7Z1A.C,0.0,H
7Z1A_3,7Z1A.F,0.0,H
7Z1A_2,7Z1A.B,0.0,H
7Z1A_2,7Z1A.E,0.0,H
7Z1B_3,7Z1B.C,0.0,H
7Z1B_3,7Z1B.F,0.0,H
7Z1B_2,7Z1B.B,0.0,H
7Z1B_2,7Z1B.E,0.0,H
7Z1C_3,7Z1C.C,0.0,H
7Z1C_3,7Z1C.F,0.0,H
7Z1C_2,7Z1C.B,0.0,H
7Z1C_2,7Z1C.E,0.0,H
7Z1D_2,7Z1D.B,0.0,H
7Z1E_2,7Z1E.B,0.0,H
7WWM_2,7WWM.D,1.0,H
7WWM_2,7WWM.F,1.0,H
7WWM_2,7WWM.H,1.0,H
7WWM_3,7WWM.E,1.0,L
7WWM_3,7WWM.G,1.0,L
7WWM_3,7WWM.I,1.0,L
7WWL_2,7WWL.D,1.0,H
7WWL_2,7WWL.F,1.0,H
7WWL_2,7WWL.H,1.0,H
7WWL_3,7WWL.E,1.0,L
7WWL_3,7WWL.G,1.0,L
7WWL_3,7WWL.I,1.0,L
8DZH_2,8DZH.D,1.0,H
8DZH_2,8DZH.F,1.0,H
8DZH_2,8DZH.H,1.0,H
8DZH_3,8DZH.E,1.0,L
8DZH_3,8DZH.G,1.0,L
8DZH_3,8DZH.I,1.0,L
8DZI_2,8DZI.B,1.0,H
8DZI_2,8DZI.E,1.0,H
8DZI_2,8DZI.I,1.0,H
8DZI_3,8DZI.C,1.0,L
8DZI_3,8DZI.F,1.0,L
8DZI_3,8DZI.H,1.0,L
7R4R_2,7R4R.D,0.0,H
7R4Q_2,7R4Q.D,0.0,H
7R4Q_2,7R4Q.E,0.0,H
7R4I_2,7R4I.D,0.0,H
7R4I_2,7R4I.E,0.0,H
8CYA_2,8CYA.D,0.0,H
8CYA_2,8CYA.E,0.0,H
8CYA_2,8CYA.F,0.0,H
8CYC_2,8CYC.D,0.0,H
8CYC_2,8CYC.E,0.0,H
8CYC_2,8CYC.F,0.0,H
8CY7_2,8CY7.D,0.0,H
8CY7_2,8CY7.E,0.0,H
8CY7_2,8CY7.F,0.0,H
8CXN_2,8CXN.D,0.0,H
8CXN_2,8CXN.E,0.0,H
8CXN_2,8CXN.F,0.0,H
8CYB_2,8CYB.D,0.0,H
8CXQ_2,8CXQ.D,0.0,H
8CXQ_2,8CXQ.E,0.0,H
8CXQ_2,8CXQ.F,0.0,H
8CY9_2,8CY9.D,0.0,H
8CY9_2,8CY9.E,0.0,H
8CY9_2,8CY9.F,0.0,H
8CY6_2,8CY6.D,0.0,H
8CY6_2,8CY6.E,0.0,H
8CY6_2,8CY6.F,0.0,H
8CYD_2,8CYD.D,0.0,H
8CYD_2,8CYD.E,0.0,H
8CYD_2,8CYD.F,0.0,H
8CWU_2,8CWU.B,0.0,H
8CYJ_3,8CYJ.C,0.0,H
8CYJ_4,8CYJ.D,0.0,H
8CYJ_1,8CYJ.A,0.0,H
8CYJ_2,8CYJ.B,0.0,H
8CWV_2,8CWV.B,0.0,H
8CWV_3,8CWV.C,0.0,H
8CWV_4,8CWV.D,0.0,L
7XH8_2,7XH8.B,1.0,H
7XH8_3,7XH8.C,1.0,L
7WRJ_2,7WRJ.B,1.0,H
7WRJ_3,7WRJ.C,1.0,L
7WRY_3,7WRY.C,1.0,H
7WRY_2,7WRY.B,1.0,L
7Y0W_1,7Y0W.A,1.0,H
7Y0W_2,7Y0W.B,1.0,L
7Y0W_3,7Y0W.C,1.0,H
7Y0W_4,7Y0W.D,1.0,L
7Y0V_1,7Y0V.A,1.0,H
7Y0V_2,7Y0V.B,1.0,L
7XMX_2,7XMX.D,1.0,H
7XMX_2,7XMX.F,1.0,H
7XMX_2,7XMX.H,1.0,H
7XMX_3,7XMX.E,1.0,L
7XMX_3,7XMX.G,1.0,L
7XMX_3,7XMX.I,1.0,L
7XMZ_2,7XMZ.D,1.0,H
7XMZ_2,7XMZ.F,1.0,H
7XMZ_2,7XMZ.H,1.0,H
7XMZ_3,7XMZ.E,1.0,L
7XMZ_3,7XMZ.G,1.0,L
7XMZ_3,7XMZ.I,1.0,L
7X7T_3,7X7T.C,1.0,H
7X7T_2,7X7T.B,1.0,L
7X7T_5,7X7T.E,1.0,H
7X7T_4,7X7T.D,1.0,L
7X7T_7,7X7T.G,1.0,H
7X7T_6,7X7T.F,1.0,L
7X8Y_2,7X8Y.B,1.0,H
7X8Y_3,7X8Y.C,1.0,L
7X8Z_2,7X8Z.B,1.0,H
7X8Z_3,7X8Z.C,1.0,L
7X90_1,7X90.A,1.0,H
7X90_2,7X90.B,1.0,L
7X8W_2,7X8W.B,1.0,H
7X8W_3,7X8W.C,1.0,L
7X92_2,7X92.B,1.0,H
7X92_3,7X92.C,1.0,L
7X91_2,7X91.B,1.0,H
7X91_3,7X91.C,1.0,L
8ERR_2,8ERR.D,1.0,H
8ERR_2,8ERR.F,1.0,H
8ERR_2,8ERR.H,1.0,H
8ERR_3,8ERR.E,1.0,L
8ERR_3,8ERR.G,1.0,L
8ERR_3,8ERR.I,1.0,L
8ERQ_1,8ERQ.A,1.0,H
8ERQ_2,8ERQ.B,1.0,L
7W1S_2,7W1S.B,0.0,H
8DT3_2,8DT3.B,1.0,H
8DT3_3,8DT3.C,1.0,L
7YDY_2,7YDY.D,1.0,H
7YDY_3,7YDY.E,1.0,L
7U9O_2,7U9O.C,1.0,H
7U9O_3,7U9O.D,1.0,L
7U9P_2,7U9P.C,1.0,H
7U9P_3,7U9P.D,1.0,L
7ZXU_2,7ZXU.B,0.0,H
7ZXU_3,7ZXU.C,1.0,H
7ZXU_4,7ZXU.D,1.0,L
7UZ4_2,7UZ4.D,1.0,H
7UZ4_2,7UZ4.F,1.0,H
7UZ4_2,7UZ4.H,1.0,H
7UZ4_3,7UZ4.E,1.0,L
7UZ4_3,7UZ4.G,1.0,L
7UZ4_3,7UZ4.I,1.0,L
7UZ5_2,7UZ5.D,1.0,H
7UZ5_3,7UZ5.E,1.0,L
7UZ6_2,7UZ6.D,1.0,H
7UZ6_2,7UZ6.F,1.0,H
7UZ6_2,7UZ6.H,1.0,H
7UZ6_3,7UZ6.E,1.0,L
7UZ6_3,7UZ6.G,1.0,L
7UZ6_3,7UZ6.I,1.0,L
7UZ7_2,7UZ7.D,1.0,H
7UZ7_2,7UZ7.F,1.0,H
7UZ7_2,7UZ7.H,1.0,H
7UZ7_3,7UZ7.E,1.0,L
7UZ7_3,7UZ7.G,1.0,L
7UZ7_3,7UZ7.I,1.0,L
7UZ9_2,7UZ9.D,1.0,H
7UZ9_2,7UZ9.F,1.0,H
7UZ9_2,7UZ9.H,1.0,H
7UZ9_3,7UZ9.E,1.0,L
7UZ9_3,7UZ9.G,1.0,L
7UZ9_3,7UZ9.I,1.0,L
7UZA_2,7UZA.D,1.0,H
7UZA_3,7UZA.E,1.0,L
7UZB_2,7UZB.B,1.0,H
7UZB_3,7UZB.C,1.0,L
7FBJ_2,7FBJ.B,0.0,H
7FBJ_2,7FBJ.D,0.0,H
7FBJ_2,7FBJ.F,0.0,H
7FBJ_2,7FBJ.H,0.0,H
7FBJ_2,7FBJ.J,0.0,H
7FBJ_2,7FBJ.L,0.0,H
7FBJ_2,7FBJ.N,0.0,H
7FBJ_2,7FBJ.P,0.0,H
7X6A_2,7X6A.D,1.0,H
7X6A_2,7X6A.F,1.0,H
7X6A_2,7X6A.H,1.0,H
7X6A_3,7X6A.E,1.0,L
7X6A_3,7X6A.G,1.0,L
7X6A_3,7X6A.I,1.0,L
7WR8_2,7WR8.B,1.0,H
7WR8_3,7WR8.C,1.0,L
7U0P_2,7U0P.D,1.0,H
7U0P_2,7U0P.E,1.0,H
7U0P_3,7U0P.F,1.0,L
7U0P_3,7U0P.G,1.0,L
7T7B_2,7T7B.B,1.0,H
7T7B_3,7T7B.C,1.0,L
7E8M_2,7E8M.B,1.0,H
7E8M_3,7E8M.C,1.0,L
7EY0_1,7EY0.A,1.0,H
7EY0_5,7EY0.E,1.0,L
7EY0_2,7EY0.B,1.0,H
7EY0_3,7EY0.C,1.0,L
7EY4_2,7EY4.B,1.0,H
7EY4_1,7EY4.A,1.0,L
7EY5_4,7EY5.D,1.0,H
7EY5_5,7EY5.E,1.0,L
7EY5_2,7EY5.B,1.0,H
7EY5_3,7EY5.C,1.0,L
7EYA_3,7EYA.C,1.0,H
7EYA_2,7EYA.B,1.0,L
7EZV_2,7EZV.B,1.0,H
7EZV_3,7EZV.C,1.0,L
7EZV_4,7EZV.D,1.0,H
7EZV_5,7EZV.E,1.0,L
7FJN_2,7FJN.D,1.0,H
7FJN_2,7FJN.E,1.0,H
7FJN_3,7FJN.F,1.0,L
7FJN_3,7FJN.G,1.0,L
7FJO_1,7FJO.A,1.0,H
7FJO_1,7FJO.C,1.0,H
7FJO_1,7FJO.D,1.0,H
7FJO_2,7FJO.B,1.0,L
7FJO_2,7FJO.E,1.0,L
7FJO_2,7FJO.F,1.0,L
7FJS_3,7FJS.C,1.0,H
7FJS_3,7FJS.F,1.0,H
7FJS_1,7FJS.A,1.0,L
7FJS_1,7FJS.D,1.0,L
7L0N_4,7L0N.F,1.0,H
7L0N_4,7L0N.H,1.0,H
7L0N_3,7L0N.E,1.0,L
7L0N_3,7L0N.G,1.0,L
7L0N_2,7L0N.B,1.0,H
7L0N_2,7L0N.D,1.0,H
7L0N_1,7L0N.A,1.0,L
7L0N_1,7L0N.C,1.0,L
7MJK_2,7MJK.B,1.0,H
7MJK_2,7MJK.F,1.0,H
7MJK_2,7MJK.G,1.0,H
7MJK_3,7MJK.C,1.0,L
7MJK_3,7MJK.D,1.0,L
7MJK_3,7MJK.E,1.0,L
7MJL_2,7MJL.B,1.0,H
7MJL_3,7MJL.C,1.0,L
7N8H_3,7N8H.C,1.0,H
7N8H_3,7N8H.H,1.0,H
7N8H_3,7N8H.M,1.0,H
7N8H_2,7N8H.B,1.0,L
7N8H_2,7N8H.G,1.0,L
7N8H_2,7N8H.L,1.0,L
7NEG_1,7NEG.A,1.0,H
7NEG_2,7NEG.B,1.0,L
7NX7_4,7NX7.D,1.0,H
7NX7_5,7NX7.E,1.0,L
7NX7_1,7NX7.A,1.0,H
7NX7_2,7NX7.B,1.0,L
7NX8_4,7NX8.D,1.0,H
7NX8_5,7NX8.E,1.0,L
7NX8_1,7NX8.A,1.0,H
7NX8_2,7NX8.B,1.0,L
7NX9_4,7NX9.D,1.0,H
7NX9_5,7NX9.E,1.0,L
7NX9_1,7NX9.A,1.0,H
7NX9_2,7NX9.B,1.0,L
7NXA_4,7NXA.D,1.0,H
7NXA_5,7NXA.E,1.0,L
7NXA_1,7NXA.A,1.0,H
7NXA_2,7NXA.B,1.0,L
7NXB_4,7NXB.D,1.0,H
7NXB_5,7NXB.E,1.0,L
7NXB_1,7NXB.A,1.0,H
7NXB_2,7NXB.B,1.0,L
7OAU_2,7OAU.B,0.0,H
7OAU_2,7OAU.D,0.0,H
7ORA_4,7ORA.D,1.0,H
7ORA_4,7ORA.I,1.0,H
7ORA_5,7ORA.E,1.0,L
7ORA_5,7ORA.J,1.0,L
7ORA_2,7ORA.B,1.0,H
7ORA_2,7ORA.G,1.0,H
7ORA_3,7ORA.C,1.0,L
7ORA_3,7ORA.H,1.0,L
7ORB_2,7ORB.B,1.0,H
7ORB_2,7ORB.G,1.0,H
7ORB_3,7ORB.C,1.0,L
7ORB_3,7ORB.H,1.0,L
7ORB_4,7ORB.D,1.0,H
7ORB_4,7ORB.I,1.0,H
7ORB_5,7ORB.E,1.0,L
7ORB_5,7ORB.J,1.0,L
7PRY_3,7PRY.C,1.0,H
7PRY_3,7PRY.H,1.0,H
7PRY_4,7PRY.D,1.0,L
7PRY_4,7PRY.I,1.0,L
7PRY_1,7PRY.A,1.0,H
7PRY_1,7PRY.F,1.0,H
7PRY_2,7PRY.B,1.0,L
7PRY_2,7PRY.G,1.0,L
7PRZ_1,7PRZ.A,1.0,H
7PRZ_3,7PRZ.C,1.0,L
7PS0_2,7PS0.B,1.0,H
7PS0_2,7PS0.E,1.0,H
7PS0_3,7PS0.C,1.0,L
7PS0_3,7PS0.F,1.0,L
7PS1_2,7PS1.B,1.0,H
7PS1_3,7PS1.C,1.0,L
7PS2_3,7PS2.C,1.0,H
7PS2_1,7PS2.A,1.0,L
7PS2_4,7PS2.D,1.0,H
7PS2_5,7PS2.E,1.0,L
7PS4_2,7PS4.B,1.0,H
7PS4_2,7PS4.E,1.0,H
7PS4_3,7PS4.C,1.0,L
7PS4_3,7PS4.F,1.0,L
7PS5_1,7PS5.A,1.0,H
7PS5_2,7PS5.B,1.0,L
7PS6_4,7PS6.D,1.0,H
7PS6_5,7PS6.E,1.0,L
7PS6_1,7PS6.A,1.0,H
7PS6_2,7PS6.B,1.0,L
7PS7_3,7PS7.E,1.0,H
7PS7_3,7PS7.F,1.0,H
7PS7_2,7PS7.C,1.0,L
7PS7_2,7PS7.D,1.0,L
7Q0G_5,7Q0G.E,1.0,H
7Q0G_4,7Q0G.D,1.0,L
7Q0G_2,7Q0G.B,1.0,H
7Q0G_3,7Q0G.C,1.0,L
7Q0H_4,7Q0H.D,1.0,H
7Q0H_3,7Q0H.C,1.0,L
7Q0H_1,7Q0H.A,1.0,H
7Q0H_2,7Q0H.B,1.0,L
7Q6E_3,7Q6E.E,1.0,H
7Q6E_3,7Q6E.G,1.0,H
7Q6E_3,7Q6E.I,1.0,H
7Q6E_2,7Q6E.D,1.0,L
7Q6E_2,7Q6E.F,1.0,L
7Q6E_2,7Q6E.H,1.0,L
7Q9F_3,7Q9F.E,1.0,H
7Q9F_3,7Q9F.G,1.0,H
7Q9F_3,7Q9F.I,1.0,H
7Q9F_2,7Q9F.D,1.0,L
7Q9F_2,7Q9F.F,1.0,L
7Q9F_2,7Q9F.H,1.0,L
7Q9G_2,7Q9G.D,1.0,H
7Q9G_2,7Q9G.F,1.0,H
7Q9G_3,7Q9G.E,1.0,L
7Q9G_3,7Q9G.G,1.0,L
7Q9J_3,7Q9J.F,1.0,H
7Q9J_3,7Q9J.G,1.0,H
7Q9J_3,7Q9J.H,1.0,H
7Q9J_2,7Q9J.D,1.0,L
7Q9J_2,7Q9J.E,1.0,L
7Q9J_2,7Q9J.I,1.0,L
7Q9K_2,7Q9K.D,1.0,H
7Q9K_2,7Q9K.F,1.0,H
7Q9K_3,7Q9K.E,1.0,L
7Q9K_3,7Q9K.G,1.0,L
7Q9M_2,7Q9M.D,1.0,H
7Q9M_2,7Q9M.F,1.0,H
7Q9M_2,7Q9M.H,1.0,H
7Q9M_3,7Q9M.E,1.0,L
7Q9M_3,7Q9M.G,1.0,L
7Q9M_3,7Q9M.I,1.0,L
7Q9P_2,7Q9P.D,1.0,H
7Q9P_2,7Q9P.F,1.0,H
7Q9P_2,7Q9P.H,1.0,H
7Q9P_3,7Q9P.E,1.0,L
7Q9P_3,7Q9P.G,1.0,L
7Q9P_3,7Q9P.I,1.0,L
7QNW_4,7QNW.D,1.0,H
7QNW_5,7QNW.E,1.0,L
7QNW_1,7QNW.A,1.0,H
7QNW_2,7QNW.B,1.0,L
7S5P_2,7S5P.B,1.0,H
7S5P_3,7S5P.C,1.0,L
7S5Q_4,7S5Q.D,1.0,H
7S5Q_5,7S5Q.E,1.0,L
7S5Q_2,7S5Q.B,1.0,H
7S5Q_3,7S5Q.C,1.0,L
7SO9_3,7SO9.C,1.0,H
7SO9_3,7SO9.H,1.0,H
7SO9_3,7SO9.M,1.0,H
7SO9_2,7SO9.B,1.0,L
7SO9_2,7SO9.G,1.0,L
7SO9_2,7SO9.L,1.0,L
7SOB_4,7SOB.D,1.0,H
7SOB_4,7SOB.I,1.0,H
7SOB_4,7SOB.N,1.0,H
7SOB_5,7SOB.E,1.0,L
7SOB_5,7SOB.J,1.0,L
7SOB_5,7SOB.O,1.0,L
7TC9_2,7TC9.B,1.0,H
7TC9_3,7TC9.C,1.0,L
7TCA_2,7TCA.D,1.0,H
7TCA_2,7TCA.F,1.0,H
7TCA_3,7TCA.E,1.0,L
7TCA_3,7TCA.G,1.0,L
7TCC_2,7TCC.D,1.0,H
7TCC_2,7TCC.H,1.0,H
7TCC_2,7TCC.J,1.0,H
7TCC_3,7TCC.E,1.0,L
7TCC_3,7TCC.I,1.0,L
7TCC_3,7TCC.K,1.0,L
7TCC_4,7TCC.F,1.0,H
7TCC_4,7TCC.L,1.0,H
7TCC_4,7TCC.N,1.0,H
7TCC_5,7TCC.G,1.0,L
7TCC_5,7TCC.M,1.0,L
7TCC_5,7TCC.O,1.0,L
7TLY_1,7TLY.A,1.0,H
7TLY_2,7TLY.B,1.0,L
7TM0_4,7TM0.J,1.0,H
7TM0_4,7TM0.L,1.0,H
7TM0_4,7TM0.N,1.0,H
7TM0_5,7TM0.K,1.0,L
7TM0_5,7TM0.M,1.0,L
7TM0_5,7TM0.O,1.0,L
7TN0_5,7TN0.H,1.0,H
7TN0_5,7TN0.J,1.0,H
7TN0_4,7TN0.G,1.0,L
7TN0_4,7TN0.K,1.0,L
7TN0_2,7TN0.B,1.0,H
7TN0_2,7TN0.C,1.0,H
7TN0_1,7TN0.A,1.0,L
7TN0_1,7TN0.D,1.0,L
7U0D_2,7U0D.B,1.0,H
7U0D_3,7U0D.C,1.0,L
7U0D_4,7U0D.D,1.0,H
7U0D_5,7U0D.E,1.0,L
7URQ_2,7URQ.B,1.0,H
7URQ_3,7URQ.C,1.0,L
7URS_2,7URS.B,1.0,H
7URS_3,7URS.C,1.0,L
7W9E_2,7W9E.D,1.0,H
7W9E_3,7W9E.E,1.0,L
7W9F_1,7W9F.A,1.0,H
7W9F_2,7W9F.B,1.0,L
7WCR_2,7WCR.B,1.0,H
7WCR_3,7WCR.C,1.0,L
7WCZ_2,7WCZ.B,1.0,H
7WCZ_3,7WCZ.C,1.0,L
7WD0_2,7WD0.D,1.0,H
7WD0_2,7WD0.F,1.0,H
7WD0_3,7WD0.E,1.0,L
7WD0_3,7WD0.G,1.0,L
7WD7_2,7WD7.B,1.0,H
7WD7_2,7WD7.E,1.0,H
7WD7_2,7WD7.H,1.0,H
7WD7_3,7WD7.C,1.0,L
7WD7_3,7WD7.F,1.0,L
7WD7_3,7WD7.I,1.0,L
7WD8_2,7WD8.B,1.0,H
7WD8_3,7WD8.C,1.0,L
7WD9_2,7WD9.D,1.0,H
7WD9_2,7WD9.F,1.0,H
7WD9_2,7WD9.H,1.0,H
7WD9_3,7WD9.E,1.0,L
7WD9_3,7WD9.G,1.0,L
7WD9_3,7WD9.I,1.0,L
7WDF_2,7WDF.D,1.0,H
7WDF_2,7WDF.F,1.0,H
7WDF_3,7WDF.E,1.0,L
7WDF_3,7WDF.G,1.0,L
7WE7_1,7WE7.A,1.0,H
7WE7_1,7WE7.F,1.0,H
7WE7_1,7WE7.H,1.0,H
7WE7_2,7WE7.B,1.0,L
7WE7_2,7WE7.G,1.0,L
7WE7_2,7WE7.I,1.0,L
7WE8_2,7WE8.D,1.0,H
7WE8_3,7WE8.E,1.0,L
7WE9_2,7WE9.D,1.0,H
7WE9_2,7WE9.E,1.0,H
7WE9_2,7WE9.F,1.0,H
7WE9_3,7WE9.G,1.0,L
7WE9_3,7WE9.H,1.0,L
7WE9_3,7WE9.I,1.0,L
7WEA_2,7WEA.D,1.0,H
7WEA_2,7WEA.F,1.0,H
7WEA_3,7WEA.E,1.0,L
7WEA_3,7WEA.G,1.0,L
7WEB_1,7WEB.A,1.0,H
7WEB_1,7WEB.B,1.0,H
7WEB_2,7WEB.C,1.0,L
7WEB_2,7WEB.D,1.0,L
7WEC_1,7WEC.A,1.0,H
7WEC_1,7WEC.B,1.0,H
7WEC_1,7WEC.C,1.0,H
7WEC_2,7WEC.D,1.0,L
7WEC_2,7WEC.E,1.0,L
7WEC_2,7WEC.F,1.0,L
7WED_2,7WED.B,1.0,H
7WED_3,7WED.C,1.0,L
7WEE_2,7WEE.B,1.0,H
7WEE_3,7WEE.C,1.0,L
7WEF_1,7WEF.A,1.0,H
7WEF_3,7WEF.C,1.0,L
7WHI_2,7WHI.D,0.0,H
7WHI_2,7WHI.E,0.0,H
7WHI_2,7WHI.F,0.0,H
7WHI_3,7WHI.G,0.0,H
7WHJ_2,7WHJ.D,0.0,H
7WHJ_2,7WHJ.E,0.0,H
7WHJ_3,7WHJ.F,0.0,H
7WHK_3,7WHK.E,0.0,H
7WHK_3,7WHK.F,0.0,H
7WHK_3,7WHK.G,0.0,H
7WHK_2,7WHK.D,0.0,H
7WHK_2,7WHK.H,0.0,H
7WK8_1,7WK8.A,1.0,H
7WK8_2,7WK8.B,1.0,L
7WK9_2,7WK9.C,1.0,H
7WK9_2,7WK9.F,1.0,H
7WK9_3,7WK9.D,1.0,L
7WK9_3,7WK9.G,1.0,L
7WKA_2,7WKA.C,1.0,H
7WKA_2,7WKA.F,1.0,H
7WKA_3,7WKA.D,1.0,L
7WKA_3,7WKA.G,1.0,L
7WLC_2,7WLC.B,1.0,H
7WLC_3,7WLC.C,1.0,L
7WLY_2,7WLY.D,1.0,H
7WLY_2,7WLY.F,1.0,H
7WLY_3,7WLY.E,1.0,L
7WLY_3,7WLY.G,1.0,L
7WLZ_2,7WLZ.D,1.0,H
7WLZ_3,7WLZ.E,1.0,L
7WPD_2,7WPD.D,1.0,H
7WPD_3,7WPD.E,1.0,L
7WPE_2,7WPE.D,1.0,H
7WPE_2,7WPE.G,1.0,H
7WPE_3,7WPE.E,1.0,L
7WPE_3,7WPE.H,1.0,L
7WPF_2,7WPF.D,1.0,H
7WPF_2,7WPF.G,1.0,H
7WPF_2,7WPF.J,1.0,H
7WPF_3,7WPF.E,1.0,L
7WPF_3,7WPF.H,1.0,L
7WPF_3,7WPF.K,1.0,L
7WRV_2,7WRV.B,1.0,H
7WRV_3,7WRV.C,1.0,L
7WS3_3,7WS3.E,1.0,H
7WS3_3,7WS3.G,1.0,H
7WS3_3,7WS3.I,1.0,H
7WS3_2,7WS3.D,1.0,L
7WS3_2,7WS3.F,1.0,L
7WS3_2,7WS3.H,1.0,L
7WS4_3,7WS4.E,1.0,H
7WS4_2,7WS4.D,1.0,L
7WS5_3,7WS5.E,1.0,H
7WS5_3,7WS5.G,1.0,H
7WS5_3,7WS5.I,1.0,H
7WS5_2,7WS5.D,1.0,L
7WS5_2,7WS5.F,1.0,L
7WS5_2,7WS5.H,1.0,L
7WS6_3,7WS6.C,1.0,H
7WS6_2,7WS6.B,1.0,L
7X7D_2,7X7D.B,0.0,H
7X7D_2,7X7D.D,0.0,H
7X7D_2,7X7D.F,0.0,H
7ZF3_3,7ZF3.C,1.0,H
7ZF3_4,7ZF3.D,1.0,L
7ZF5_1,7ZF5.A,1.0,H
7ZF5_1,7ZF5.C,1.0,H
7ZF5_2,7ZF5.B,1.0,L
7ZF5_2,7ZF5.D,1.0,L
7ZF5_4,7ZF5.G,1.0,H
7ZF5_4,7ZF5.I,1.0,H
7ZF5_5,7ZF5.H,1.0,L
7ZF5_5,7ZF5.J,1.0,L
7ZF8_1,7ZF8.A,1.0,H
7ZF8_2,7ZF8.B,1.0,L
7ZF9_1,7ZF9.A,1.0,H
7ZF9_1,7ZF9.D,1.0,H
7ZF9_2,7ZF9.B,1.0,L
7ZF9_2,7ZF9.E,1.0,L
7ZFB_1,7ZFB.A,0.0,H
7ZFB_1,7ZFB.B,0.0,H
7ZFB_5,7ZFB.F,1.0,H
7ZFB_5,7ZFB.K,1.0,H
7ZFB_6,7ZFB.G,1.0,L
7ZFB_6,7ZFB.J,1.0,L
7ZFB_3,7ZFB.D,1.0,H
7ZFB_3,7ZFB.H,1.0,H
7ZFB_4,7ZFB.E,1.0,L
7ZFB_4,7ZFB.I,1.0,L
7ZFC_3,7ZFC.C,0.0,H
7ZFC_4,7ZFC.D,1.0,H
7ZFC_5,7ZFC.E,1.0,L
7ZFC_1,7ZFC.A,1.0,H
7ZFC_2,7ZFC.B,1.0,L
7ZFD_1,7ZFD.A,1.0,H
7ZFD_1,7ZFD.D,1.0,H
7ZFD_3,7ZFD.C,1.0,L
7ZFD_3,7ZFD.F,1.0,L
7ZFE_1,7ZFE.A,0.0,H
7ZFE_1,7ZFE.F,0.0,H
7ZFE_1,7ZFE.G,0.0,H
7ZFE_1,7ZFE.P,0.0,H
7ZFE_3,7ZFE.C,1.0,H
7ZFE_3,7ZFE.I,1.0,H
7ZFE_3,7ZFE.J,1.0,H
7ZFE_3,7ZFE.L,1.0,H
7ZFE_4,7ZFE.D,1.0,L
7ZFE_4,7ZFE.E,1.0,L
7ZFE_4,7ZFE.K,1.0,L
7ZFE_4,7ZFE.M,1.0,L
7ZR7_2,7ZR7.D,1.0,H
7ZR7_2,7ZR7.F,1.0,H
7ZR7_2,7ZR7.H,1.0,H
7ZR7_3,7ZR7.E,1.0,L
7ZR7_3,7ZR7.G,1.0,L
7ZR7_3,7ZR7.I,1.0,L
7ZR8_2,7ZR8.B,1.0,H
7ZR8_3,7ZR8.C,1.0,L
7ZR9_2,7ZR9.D,1.0,H
7ZR9_2,7ZR9.F,1.0,H
7ZR9_2,7ZR9.H,1.0,H
7ZR9_3,7ZR9.E,1.0,L
7ZR9_3,7ZR9.G,1.0,L
7ZR9_3,7ZR9.I,1.0,L
7ZRC_2,7ZRC.D,1.0,H
7ZRC_2,7ZRC.F,1.0,H
7ZRC_2,7ZRC.H,1.0,H
7ZRC_3,7ZRC.E,1.0,L
7ZRC_3,7ZRC.G,1.0,L
7ZRC_3,7ZRC.I,1.0,L
7YQX_2,7YQX.D,1.0,H
7YQX_2,7YQX.F,1.0,H
7YQX_3,7YQX.E,1.0,L
7YQX_3,7YQX.G,1.0,L
7YQY_3,7YQY.F,1.0,H
7YQY_3,7YQY.G,1.0,H
7YQY_3,7YQY.H,1.0,H
7YQY_2,7YQY.D,1.0,L
7YQY_2,7YQY.E,1.0,L
7YQY_2,7YQY.I,1.0,L
7YQZ_2,7YQZ.D,1.0,H
7YQZ_2,7YQZ.F,1.0,H
7YQZ_3,7YQZ.E,1.0,L
7YQZ_3,7YQZ.G,1.0,L
7YR0_2,7YR0.B,1.0,H
7YR0_3,7YR0.C,1.0,L
7YR1_2,7YR1.B,1.0,H
7YR1_2,7YR1.E,1.0,H
7YR1_2,7YR1.H,1.0,H
7YR1_3,7YR1.C,1.0,L
7YR1_3,7YR1.F,1.0,L
7YR1_3,7YR1.I,1.0,L
7WBH_3,7WBH.D,1.0,H
7WBH_3,7WBH.F,1.0,H
7WBH_3,7WBH.H,1.0,H
7WBH_4,7WBH.E,1.0,L
7WBH_4,7WBH.G,1.0,L
7WBH_4,7WBH.I,1.0,L
7WJY_2,7WJY.B,1.0,H
7WJY_2,7WJY.E,1.0,H
7WJY_3,7WJY.C,1.0,L
7WJY_3,7WJY.F,1.0,L
7WJZ_2,7WJZ.B,1.0,H
7WJZ_2,7WJZ.E,1.0,H
7WJZ_2,7WJZ.H,1.0,H
7WJZ_2,7WJZ.K,1.0,H
7WJZ_2,7WJZ.N,1.0,H
7WJZ_2,7WJZ.Q,1.0,H
7WJZ_3,7WJZ.C,1.0,L
7WJZ_3,7WJZ.F,1.0,L
7WJZ_3,7WJZ.I,1.0,L
7WJZ_3,7WJZ.L,1.0,L
7WJZ_3,7WJZ.O,1.0,L
7WJZ_3,7WJZ.R,1.0,L
7WK0_1,7WK0.A,1.0,H
7WK0_1,7WK0.D,1.0,H
7WK0_2,7WK0.B,1.0,L
7WK0_2,7WK0.E,1.0,L
7QTI_1,7QTI.A,1.0,H
7QTI_1,7QTI.C,1.0,H
7QTI_1,7QTI.G,1.0,H
7QTI_2,7QTI.B,1.0,L
7QTI_2,7QTI.D,1.0,L
7QTI_2,7QTI.H,1.0,L
7QTI_4,7QTI.F,1.0,H
7QTI_3,7QTI.E,1.0,L
7QTJ_1,7QTJ.A,1.0,H
7QTJ_2,7QTJ.B,1.0,L
7QTJ_5,7QTJ.F,1.0,H
7QTJ_4,7QTJ.E,1.0,L
7QTK_2,7QTK.B,1.0,H
7QTK_3,7QTK.C,1.0,L
7XIC_2,7XIC.D,1.0,H
7XIC_2,7XIC.F,1.0,H
7XIC_2,7XIC.H,1.0,H
7XIC_3,7XIC.E,1.0,L
7XIC_3,7XIC.G,1.0,L
7XIC_3,7XIC.I,1.0,L
7WP5_2,7WP5.B,1.0,H
7WP5_1,7WP5.A,1.0,L
7XST_2,7XST.D,1.0,H
7XST_2,7XST.H,1.0,H
7XST_2,7XST.L,1.0,H
7XST_3,7XST.E,1.0,L
7XST_3,7XST.I,1.0,L
7XST_3,7XST.M,1.0,L
7XST_4,7XST.F,1.0,H
7XST_4,7XST.J,1.0,H
7XST_4,7XST.N,1.0,H
7XST_5,7XST.G,1.0,L
7XST_5,7XST.K,1.0,L
7XST_5,7XST.O,1.0,L
7UZ8_2,7UZ8.D,1.0,H
7UZ8_2,7UZ8.F,1.0,H
7UZ8_2,7UZ8.H,1.0,H
7UZ8_3,7UZ8.E,1.0,L
7UZ8_3,7UZ8.G,1.0,L
7UZ8_3,7UZ8.I,1.0,L
7FBK_2,7FBK.C,0.0,H
7FBK_2,7FBK.D,0.0,H
8DI5_2,8DI5.B,0.0,H
7UPL_3,7UPL.E,1.0,H
7UPL_3,7UPL.F,1.0,H
7UPL_2,7UPL.D,1.0,L
7UPL_2,7UPL.G,1.0,L
7ZF3_1,7ZF3.A,1.0,H
7ZF3_2,7ZF3.B,1.0,L
7ZF4_1,7ZF4.A,0.0,H
7ZF4_2,7ZF4.B,1.0,H
7ZF4_3,7ZF4.C,1.0,L
7ZFA_2,7ZFA.E,1.0,H
7ZFA_2,7ZFA.H,1.0,H
7ZFA_2,7ZFA.S,1.0,H
7ZFA_2,7ZFA.T,1.0,H
7ZFA_3,7ZFA.F,1.0,L
7ZFA_3,7ZFA.G,1.0,L
7ZFA_3,7ZFA.I,1.0,L
7ZFA_3,7ZFA.J,1.0,L
7ZFA_4,7ZFA.K,1.0,H
7ZFA_4,7ZFA.M,1.0,H
7ZFA_4,7ZFA.O,1.0,H
7ZFA_4,7ZFA.Q,1.0,H
7ZFA_5,7ZFA.L,1.0,L
7ZFA_5,7ZFA.N,1.0,L
7ZFA_5,7ZFA.P,1.0,L
7ZFA_5,7ZFA.R,1.0,L
7WRZ_1,7WRZ.A,1.0,H
7WRZ_2,7WRZ.B,1.0,L
7WRL_1,7WRL.A,1.0,H
7WRL_2,7WRL.B,1.0,L
7XSC_1,7XSC.A,1.0,H
7XSC_1,7XSC.B,1.0,H
7XSC_3,7XSC.E,1.0,L
7XSC_3,7XSC.F,1.0,L
8CWI_2,8CWI.B,1.0,H
8CWI_3,8CWI.C,1.0,L
8CWK_1,8CWK.A,1.0,H
8CWK_2,8CWK.B,1.0,L
8CWK_3,8CWK.C,1.0,H
8CWK_4,8CWK.D,1.0,L
8DNN_2,8DNN.B,1.0,H
8DNN_2,8DNN.E,1.0,H
8DNN_3,8DNN.C,1.0,L
8DNN_3,8DNN.F,1.0,L
8GB5_2,8GB5.B,1.0,H
8GB5_2,8GB5.F,1.0,H
8GB5_2,8GB5.I,1.0,H
8GB5_2,8GB5.L,1.0,H
8GB5_3,8GB5.C,1.0,L
8GB5_3,8GB5.E,1.0,L
8GB5_3,8GB5.H,1.0,L
8GB5_3,8GB5.K,1.0,L
8GB6_2,8GB6.B,1.0,H
8GB6_3,8GB6.C,1.0,L
8GB7_1,8GB7.A,1.0,H
8GB7_2,8GB7.B,1.0,L
8GB8_2,8GB8.B,1.0,H
8GB8_3,8GB8.C,1.0,L
8BSE_2,8BSE.B,1.0,H
8BSE_3,8BSE.C,1.0,L
8BSF_2,8BSF.B,1.0,H
8BSF_3,8BSF.C,1.0,L
8HN6_1,8HN6.A,1.0,H
8HN6_1,8HN6.D,1.0,H
8HN6_2,8HN6.B,1.0,L
8HN6_2,8HN6.E,1.0,L
8HN7_2,8HN7.B,1.0,H
8HN7_2,8HN7.E,1.0,H
8HN7_1,8HN7.A,1.0,L
8HN7_1,8HN7.D,1.0,L
7XSA_1,7XSA.A,1.0,H
7XSA_1,7XSA.D,1.0,H
7XSA_2,7XSA.B,1.0,L
7XSA_2,7XSA.E,1.0,L
7XSB_2,7XSB.E,1.0,H
7XSB_2,7XSB.G,1.0,H
7XSB_2,7XSB.I,1.0,H
7XSB_2,7XSB.K,1.0,H
7XSB_3,7XSB.F,1.0,L
7XSB_3,7XSB.H,1.0,L
7XSB_3,7XSB.J,1.0,L
7XSB_3,7XSB.L,1.0,L
8A99_2,8A99.D,1.0,H
8A99_2,8A99.F,1.0,H
8A99_2,8A99.H,1.0,H
8A99_3,8A99.E,1.0,L
8A99_3,8A99.G,1.0,L
8A99_3,8A99.I,1.0,L
8A94_2,8A94.D,1.0,H
8A94_2,8A94.F,1.0,H
8A94_2,8A94.H,1.0,H
8A94_3,8A94.E,1.0,L
8A94_3,8A94.G,1.0,L
8A94_3,8A94.I,1.0,L
8A96_2,8A96.B,1.0,H
8A96_3,8A96.C,1.0,L
8F0G_1,8F0G.A,1.0,H
8F0G_2,8F0G.B,1.0,L
8F0H_1,8F0H.A,1.0,H
8F0H_3,8F0H.C,1.0,L
8F0H_4,8F0H.D,1.0,H
8F0H_5,8F0H.E,1.0,L
8GS9_2,8GS9.B,1.0,H
8GS9_3,8GS9.C,1.0,L
7XIK_2,7XIK.B,1.0,H
7XIK_3,7XIK.C,1.0,L
7XIL_2,7XIL.B,1.0,H
7XIL_3,7XIL.C,1.0,L
7XS8_1,7XS8.A,1.0,H
7XS8_3,7XS8.C,1.0,L
8HEB_3,8HEB.E,1.0,H
8HEB_3,8HEB.G,1.0,H
8HEB_3,8HEB.I,1.0,H
8HEB_2,8HEB.D,1.0,L
8HEB_2,8HEB.F,1.0,L
8HEB_2,8HEB.H,1.0,L
8HEC_3,8HEC.E,1.0,H
8HEC_3,8HEC.G,1.0,H
8HEC_3,8HEC.I,1.0,H
8HEC_2,8HEC.D,1.0,L
8HEC_2,8HEC.F,1.0,L
8HEC_2,8HEC.H,1.0,L
8HED_3,8HED.C,1.0,H
8HED_2,8HED.B,1.0,L
7UOW_2,7UOW.D,1.0,H
7UOW_2,7UOW.F,1.0,H
7UOW_3,7UOW.E,1.0,L
7UOW_3,7UOW.G,1.0,L
7WN2_2,7WN2.B,1.0,H
7WN2_2,7WN2.E,1.0,H
7WN2_3,7WN2.C,1.0,L
7WN2_3,7WN2.F,1.0,L
7WNB_3,7WNB.C,1.0,H
7WNB_2,7WNB.B,1.0,L
7XJ6_5,7XJ6.I,1.0,H
7XJ6_4,7XJ6.H,1.0,L
7XJ6_3,7XJ6.E,1.0,H
7XJ6_3,7XJ6.G,1.0,H
7XJ6_3,7XJ6.K,1.0,H
7XJ6_2,7XJ6.D,1.0,L
7XJ6_2,7XJ6.F,1.0,L
7XJ6_2,7XJ6.J,1.0,L
7XJ8_3,7XJ8.E,1.0,H
7XJ8_3,7XJ8.G,1.0,H
7XJ8_2,7XJ8.D,1.0,L
7XJ8_2,7XJ8.F,1.0,L
7XJ8_5,7XJ8.I,1.0,H
7XJ8_4,7XJ8.H,1.0,L
7XJ9_3,7XJ9.D,1.0,H
7XJ9_3,7XJ9.F,1.0,H
7XJ9_2,7XJ9.C,1.0,L
7XJ9_2,7XJ9.E,1.0,L
7XJ9_5,7XJ9.H,1.0,H
7XJ9_4,7XJ9.G,1.0,L
7YOW_2,7YOW.B,1.0,H
7YOW_2,7YOW.E,1.0,H
7YOW_1,7YOW.A,1.0,L
7YOW_1,7YOW.D,1.0,L
7ZJL_3,7ZJL.E,1.0,H
7ZJL_3,7ZJL.G,1.0,H
7ZJL_3,7ZJL.I,1.0,H
7ZJL_2,7ZJL.D,1.0,L
7ZJL_2,7ZJL.F,1.0,L
7ZJL_2,7ZJL.H,1.0,L
8I5H_2,8I5H.B,1.0,H
8I5H_2,8I5H.E,1.0,H
8I5H_2,8I5H.H,1.0,H
8I5H_3,8I5H.C,1.0,L
8I5H_3,8I5H.F,1.0,L
8I5H_3,8I5H.I,1.0,L
8I5I_2,8I5I.B,1.0,H
8I5I_3,8I5I.C,1.0,L
8GZZ_3,8GZZ.D,1.0,H
8GZZ_3,8GZZ.F,1.0,H
8GZZ_2,8GZZ.C,1.0,L
8GZZ_2,8GZZ.E,1.0,L
8H00_3,8H00.E,1.0,H
8H00_3,8H00.G,1.0,H
8H00_3,8H00.I,1.0,H
8H00_2,8H00.D,1.0,L
8H00_2,8H00.F,1.0,L
8H00_2,8H00.H,1.0,L
8H01_3,8H01.E,1.0,H
8H01_3,8H01.G,1.0,H
8H01_3,8H01.I,1.0,H
8H01_2,8H01.D,1.0,L
8H01_2,8H01.F,1.0,L
8H01_2,8H01.H,1.0,L
8ITU_3,8ITU.E,1.0,H
8ITU_3,8ITU.G,1.0,H
8ITU_3,8ITU.I,1.0,H
8ITU_2,8ITU.D,1.0,L
8ITU_2,8ITU.F,1.0,L
8ITU_2,8ITU.H,1.0,L
7X93_2,7X93.C,1.0,H
7X93_3,7X93.D,1.0,L
7X94_2,7X94.B,1.0,H
7X94_3,7X94.C,1.0,L
7X95_2,7X95.B,1.0,H
7X95_3,7X95.C,1.0,L
7X96_2,7X96.B,1.0,H
7X96_3,7X96.C,1.0,L
8BBN_5,8BBN.I,1.0,H
8BBN_5,8BBN.L,1.0,H
8BBN_5,8BBN.O,1.0,H
8BBN_4,8BBN.H,1.0,L
8BBN_4,8BBN.K,1.0,L
8BBN_4,8BBN.N,1.0,L
8BBN_1,8BBN.A,1.0,H
8BBN_1,8BBN.C,1.0,H
8BBN_1,8BBN.E,1.0,H
8BBN_2,8BBN.B,1.0,L
8BBN_2,8BBN.D,1.0,L
8BBN_2,8BBN.F,1.0,L
8BBO_2,8BBO.B,1.0,H
8BBO_3,8BBO.C,1.0,L
8BCZ_4,8BCZ.D,1.0,H
8BCZ_5,8BCZ.E,1.0,L
8BCZ_8,8BCZ.H,1.0,H
8BCZ_9,8BCZ.I,1.0,L
8BCZ_2,8BCZ.B,1.0,H
8BCZ_3,8BCZ.C,1.0,L
8BCZ_6,8BCZ.F,1.0,H
8BCZ_7,8BCZ.G,1.0,L
8C3V_1,8C3V.A,1.0,H
8C3V_1,8C3V.I,1.0,H
8C3V_1,8C3V.K,1.0,H
8C3V_2,8C3V.B,1.0,L
8C3V_2,8C3V.J,1.0,L
8C3V_2,8C3V.L,1.0,L
8D0Z_2,8D0Z.D,1.0,H
8D0Z_3,8D0Z.E,1.0,L
7U8E_2,7U8E.B,1.0,H
7U8E_3,7U8E.C,1.0,L
7XDL_5,7XDL.K,1.0,H
7XDL_5,7XDL.M,1.0,H
7XDL_5,7XDL.O,1.0,H
7XDL_4,7XDL.J,1.0,L
7XDL_4,7XDL.L,1.0,L
7XDL_4,7XDL.N,1.0,L
7XDL_3,7XDL.E,1.0,H
7XDL_3,7XDL.G,1.0,H
7XDL_3,7XDL.I,1.0,H
7XDL_2,7XDL.D,1.0,L
7XDL_2,7XDL.F,1.0,L
7XDL_2,7XDL.H,1.0,L
7X08_2,7X08.D,1.0,H
7X08_2,7X08.F,1.0,H
7X08_2,7X08.H,1.0,H
7X08_3,7X08.E,1.0,L
7X08_3,7X08.G,1.0,L
7X08_3,7X08.I,1.0,L
7RU8_1,7RU8.A,1.0,H
7RU8_2,7RU8.B,1.0,L
7RU5_2,7RU5.D,1.0,H
7RU5_2,7RU5.F,1.0,H
7RU5_3,7RU5.E,1.0,L
7RU5_3,7RU5.G,1.0,L
7RU4_1,7RU4.A,1.0,H
7RU4_2,7RU4.B,1.0,L
7T3M_2,7T3M.C,1.0,H
7T3M_2,7T3M.E,1.0,H
7T3M_2,7T3M.F,1.0,H
7T3M_3,7T3M.G,1.0,L
7T3M_3,7T3M.H,1.0,L
7T3M_3,7T3M.I,1.0,L
7RU3_1,7RU3.A,1.0,H
7RU3_1,7RU3.F,1.0,H
7RU3_2,7RU3.B,1.0,L
7RU3_2,7RU3.G,1.0,L
7UL0_2,7UL0.B,1.0,H
7UL0_3,7UL0.C,1.0,L
7UL1_2,7UL1.B,1.0,H
7UL1_3,7UL1.C,1.0,L
7WP8_3,7WP8.C,1.0,H
7WP8_5,7WP8.E,1.0,L
7WP8_6,7WP8.F,1.0,H
7WP8_7,7WP8.G,1.0,L
7WP8_2,7WP8.B,1.0,H
7WP8_1,7WP8.A,1.0,L
7X63_1,7X63.A,1.0,H
7X63_2,7X63.B,1.0,L
7X66_1,7X66.A,1.0,H
7X66_2,7X66.B,1.0,L
7U0Q_3,7U0Q.E,1.0,H
7U0Q_3,7U0Q.G,1.0,H
7U0Q_2,7U0Q.D,1.0,L
7U0Q_2,7U0Q.F,1.0,L
7U0X_2,7U0X.D,1.0,H
7U0X_2,7U0X.F,1.0,H
7U0X_3,7U0X.E,1.0,L
7U0X_3,7U0X.G,1.0,L
7WP6_5,7WP6.E,1.0,H
7WP6_7,7WP6.G,1.0,L
7WP6_3,7WP6.C,1.0,H
7WP6_2,7WP6.B,1.0,L
7WP6_1,7WP6.A,1.0,H
7WP6_6,7WP6.F,1.0,L
7WSC_2,7WSC.B,1.0,H
7WSC_3,7WSC.C,1.0,L
7X2H_1,7X2H.A,1.0,H
7X2H_1,7X2H.C,1.0,H
7X2H_2,7X2H.B,1.0,L
7X2H_2,7X2H.D,1.0,L
7XCZ_2,7XCZ.B,1.0,H
7XCZ_3,7XCZ.C,1.0,L
7XCZ_4,7XCZ.D,1.0,H
7XCZ_5,7XCZ.E,1.0,L
7XDA_1,7XDA.A,1.0,H
7XDA_2,7XDA.B,1.0,L
7XDA_4,7XDA.D,1.0,H
7XDA_5,7XDA.E,1.0,L
7XDB_3,7XDB.C,1.0,H
7XDB_3,7XDB.D,1.0,H
7XDB_3,7XDB.I,1.0,H
7XDB_1,7XDB.A,1.0,L
7XDB_1,7XDB.E,1.0,L
7XDB_1,7XDB.H,1.0,L
7XDK_4,7XDK.D,1.0,H
7XDK_4,7XDK.I,1.0,H
7XDK_4,7XDK.N,1.0,H
7XDK_5,7XDK.E,1.0,L
7XDK_5,7XDK.J,1.0,L
7XDK_5,7XDK.O,1.0,L
7XDK_2,7XDK.B,1.0,H
7XDK_2,7XDK.G,1.0,H
7XDK_2,7XDK.L,1.0,H
7XDK_3,7XDK.C,1.0,L
7XDK_3,7XDK.H,1.0,L
7XDK_3,7XDK.M,1.0,L
7Y7J_2,7Y7J.D,1.0,H
7Y7J_3,7Y7J.E,1.0,L
7Y7K_2,7Y7K.B,1.0,H
7Y7K_3,7Y7K.C,1.0,L
7WWI_3,7WWI.E,1.0,H
7WWI_3,7WWI.G,1.0,H
7WWI_3,7WWI.I,1.0,H
7WWI_2,7WWI.D,1.0,L
7WWI_2,7WWI.F,1.0,L
7WWI_2,7WWI.H,1.0,L
7WWJ_3,7WWJ.E,1.0,H
7WWJ_3,7WWJ.G,1.0,H
7WWJ_2,7WWJ.D,1.0,L
7WWJ_2,7WWJ.F,1.0,L
7WWK_3,7WWK.D,1.0,H
7WWK_3,7WWK.F,1.0,H
7WWK_2,7WWK.C,1.0,L
7WWK_2,7WWK.E,1.0,L
7YCK_2,7YCK.B,1.0,H
7YCK_2,7YCK.E,1.0,H
7YCK_3,7YCK.C,1.0,L
7YCK_3,7YCK.F,1.0,L
7YCL_1,7YCL.A,1.0,H
7YCL_1,7YCL.E,1.0,H
7YCL_2,7YCL.B,1.0,L
7YCL_2,7YCL.D,1.0,L
7YCN_2,7YCN.B,1.0,H
7YCN_2,7YCN.E,1.0,H
7YCN_2,7YCN.H,1.0,H
7YCN_2,7YCN.K,1.0,H
7YCN_3,7YCN.C,1.0,L
7YCN_3,7YCN.F,1.0,L
7YCN_3,7YCN.I,1.0,L
7YCN_3,7YCN.L,1.0,L
8HHX_2,8HHX.D,1.0,H
8HHX_2,8HHX.F,1.0,H
8HHX_3,8HHX.E,1.0,L
8HHX_3,8HHX.G,1.0,L
8HHY_1,8HHY.A,1.0,H
8HHY_1,8HHY.C,1.0,H
8HHY_1,8HHY.E,1.0,H
8HHY_2,8HHY.B,1.0,L
8HHY_2,8HHY.D,1.0,L
8HHY_2,8HHY.F,1.0,L
8HHZ_2,8HHZ.D,1.0,H
8HHZ_2,8HHZ.F,1.0,H
8HHZ_2,8HHZ.H,1.0,H
8HHZ_3,8HHZ.E,1.0,L
8HHZ_3,8HHZ.G,1.0,L
8HHZ_3,8HHZ.I,1.0,L
8BE1_1,8BE1.A,1.0,H
8BE1_1,8BE1.D,1.0,H
8BE1_2,8BE1.B,1.0,L
8BE1_2,8BE1.E,1.0,L
8D48_2,8D48.B,1.0,H
8D48_3,8D48.C,1.0,L
8HC2_3,8HC2.D,1.0,H
8HC2_2,8HC2.C,1.0,L
8HC3_3,8HC3.E,1.0,H
8HC3_3,8HC3.G,1.0,H
8HC3_2,8HC3.D,1.0,L
8HC3_2,8HC3.F,1.0,L
8HC4_2,8HC4.D,1.0,H
8HC4_2,8HC4.J,1.0,H
8HC4_2,8HC4.N,1.0,H
8HC4_3,8HC4.E,1.0,L
8HC4_3,8HC4.K,1.0,L
8HC4_3,8HC4.O,1.0,L
8HC4_4,8HC4.F,1.0,H
8HC4_4,8HC4.H,1.0,H
8HC4_4,8HC4.L,1.0,H
8HC4_5,8HC4.G,1.0,L
8HC4_5,8HC4.I,1.0,L
8HC4_5,8HC4.M,1.0,L
8HC5_2,8HC5.B,1.0,H
8HC5_3,8HC5.C,1.0,L
8HC5_4,8HC5.D,1.0,H
8HC5_5,8HC5.E,1.0,L
8HC6_2,8HC6.B,1.0,H
8HC6_3,8HC6.C,1.0,L
8HC7_3,8HC7.C,1.0,H
8HC7_4,8HC7.D,1.0,L
8HC8_2,8HC8.B,1.0,H
8HC8_3,8HC8.C,1.0,L
8HC9_3,8HC9.E,1.0,H
8HC9_3,8HC9.H,1.0,H
8HC9_3,8HC9.I,1.0,H
8HC9_2,8HC9.D,1.0,L
8HC9_2,8HC9.F,1.0,L
8HC9_2,8HC9.G,1.0,L
8HCA_3,8HCA.E,1.0,H
8HCA_3,8HCA.H,1.0,H
8HCA_3,8HCA.I,1.0,H
8HCA_2,8HCA.D,1.0,L
8HCA_2,8HCA.F,1.0,L
8HCA_2,8HCA.G,1.0,L
8HCB_3,8HCB.E,1.0,H
8HCB_3,8HCB.H,1.0,H
8HCB_3,8HCB.I,1.0,H
8HCB_2,8HCB.D,1.0,L
8HCB_2,8HCB.F,1.0,L
8HCB_2,8HCB.G,1.0,L
7WH8_1,7WH8.A,1.0,H
7WH8_2,7WH8.B,1.0,L
7WHB_2,7WHB.D,1.0,H
7WHB_2,7WHB.F,1.0,H
7WHB_2,7WHB.H,1.0,H
7WHB_3,7WHB.E,1.0,L
7WHB_3,7WHB.G,1.0,L
7WHB_3,7WHB.I,1.0,L
7WHD_2,7WHD.D,1.0,H
7WHD_2,7WHD.F,1.0,H
7WHD_2,7WHD.H,1.0,H
7WHD_3,7WHD.E,1.0,L
7WHD_3,7WHD.G,1.0,L
7WHD_3,7WHD.I,1.0,L
8DXT_2,8DXT.B,1.0,H
8DXT_1,8DXT.A,1.0,L
8DXU_4,8DXU.D,1.0,H
8DXU_5,8DXU.E,1.0,L
8DXU_2,8DXU.B,1.0,H
8DXU_3,8DXU.C,1.0,L
7UZC_2,7UZC.C,1.0,H
7UZC_2,7UZC.E,1.0,H
7UZC_3,7UZC.D,1.0,L
7UZC_3,7UZC.F,1.0,L
7UZD_2,7UZD.B,1.0,H
7UZD_3,7UZD.C,1.0,L
7YKJ_2,7YKJ.C,1.0,H
7YKJ_3,7YKJ.D,1.0,L
7WTI_2,7WTI.D,1.0,H
7WTI_2,7WTI.E,1.0,H
7WTI_2,7WTI.H,1.0,H
7WTI_3,7WTI.F,1.0,L
7WTI_3,7WTI.G,1.0,L
7WTI_3,7WTI.I,1.0,L
7X2K_2,7X2K.B,1.0,H
7X2K_3,7X2K.C,1.0,L
7WTF_1,7WTF.A,1.0,H
7WTF_1,7WTF.F,1.0,H
7WTF_1,7WTF.H,1.0,H
7WTF_2,7WTF.B,1.0,L
7WTF_2,7WTF.G,1.0,L
7WTF_2,7WTF.I,1.0,L
7WTG_2,7WTG.B,1.0,H
7WTG_3,7WTG.C,1.0,L
7WTH_3,7WTH.C,1.0,H
7WTH_2,7WTH.B,1.0,L
7WTJ_1,7WTJ.A,1.0,H
7WTJ_2,7WTJ.B,1.0,L
7WTK_2,7WTK.B,1.0,H
7WTK_2,7WTK.F,1.0,H
7WTK_2,7WTK.G,1.0,H
7WTK_3,7WTK.C,1.0,L
7WTK_3,7WTK.H,1.0,L
7WTK_3,7WTK.I,1.0,L
7WVL_2,7WVL.B,1.0,H
7WVL_1,7WVL.A,1.0,L
8DW2_4,8DW2.D,1.0,H
8DW2_3,8DW2.C,1.0,L
8DW2_5,8DW2.E,1.0,H
8DW2_6,8DW2.F,1.0,L
8DW3_4,8DW3.D,1.0,H
8DW3_3,8DW3.C,1.0,L
8DW3_5,8DW3.E,1.0,H
8DW3_6,8DW3.F,1.0,L
8DW9_2,8DW9.C,1.0,H
8DW9_2,8DW9.E,1.0,H
8DW9_3,8DW9.D,1.0,L
8DW9_3,8DW9.F,1.0,L
8DWA_2,8DWA.B,1.0,H
8DWA_3,8DWA.C,1.0,L
8DXS_2,8DXS.D,1.0,H
8DXS_2,8DXS.F,1.0,H
8DXS_2,8DXS.H,1.0,H
8DXS_3,8DXS.E,1.0,L
8DXS_3,8DXS.G,1.0,L
8DXS_3,8DXS.I,1.0,L
8BH5_1,8BH5.A,1.0,H
8BH5_2,8BH5.B,1.0,L
7SIX_2,7SIX.C,1.0,H
7SIX_3,7SIX.D,1.0,L
7WB5_1,7WB5.A,1.0,H
7WB5_2,7WB5.B,1.0,L
8D8Q_1,8D8Q.A,1.0,H
8D8Q_2,8D8Q.B,1.0,L
8D8Q_5,8D8Q.E,1.0,H
8D8Q_4,8D8Q.D,1.0,L
8D8R_2,8D8R.B,1.0,H
8D8R_1,8D8R.A,1.0,L
8GX9_5,8GX9.H,1.0,H
8GX9_5,8GX9.J,1.0,H
8GX9_4,8GX9.G,1.0,L
8GX9_4,8GX9.I,1.0,L
8GX9_3,8GX9.D,1.0,H
8GX9_3,8GX9.E,1.0,H
8GX9_2,8GX9.C,1.0,L
8GX9_2,8GX9.F,1.0,L
7Y0C_2,7Y0C.B,1.0,H
7Y0C_2,7Y0C.E,1.0,H
7Y0C_1,7Y0C.A,1.0,L
7Y0C_1,7Y0C.D,1.0,L
7XXL_2,7XXL.B,1.0,H
7XXL_1,7XXL.A,1.0,L
7WBZ_2,7WBZ.B,1.0,H
7WBZ_3,7WBZ.C,1.0,L
7XCK_1,7XCK.A,1.0,H
7XCK_2,7XCK.B,1.0,L
7XCP_3,7XCP.C,1.0,H
7XCP_4,7XCP.D,1.0,L
7YAD_1,7YAD.A,1.0,H
7YAD_1,7YAD.D,1.0,H
7YAD_2,7YAD.B,1.0,L
7YAD_2,7YAD.E,1.0,L
7YDI_3,7YDI.C,1.0,H
7YDI_4,7YDI.D,1.0,L
7YE5_2,7YE5.D,1.0,H
7YE5_3,7YE5.E,1.0,L
7YE9_2,7YE9.D,1.0,H
7YE9_2,7YE9.F,1.0,H
7YE9_2,7YE9.H,1.0,H
7YE9_3,7YE9.E,1.0,L
7YE9_3,7YE9.G,1.0,L
7YE9_3,7YE9.I,1.0,L
7YEG_3,7YEG.E,1.0,H
7YEG_3,7YEG.G,1.0,H
7YEG_3,7YEG.K,1.0,H
7YEG_4,7YEG.F,1.0,L
7YEG_4,7YEG.H,1.0,L
7YEG_4,7YEG.L,1.0,L
8DAD_1,8DAD.A,1.0,H
8DAD_2,8DAD.B,1.0,L
8DLW_2,8DLW.C,1.0,H
8DLW_2,8DLW.F,1.0,H
8DLW_2,8DLW.H,1.0,H
8DLW_3,8DLW.D,1.0,L
8DLW_3,8DLW.G,1.0,L
8DLW_3,8DLW.I,1.0,L
7WM0_3,7WM0.C,1.0,H
7WM0_2,7WM0.B,1.0,L
7X7U_7,7X7U.G,1.0,H
7X7U_6,7X7U.F,1.0,L
7X7U_3,7X7U.C,1.0,H
7X7U_2,7X7U.B,1.0,L
7X7U_5,7X7U.E,1.0,H
7X7U_4,7X7U.D,1.0,L
7ZBU_2,7ZBU.B,1.0,H
7ZBU_3,7ZBU.C,1.0,L
7FJC_1,7FJC.A,1.0,H
7FJC_2,7FJC.B,1.0,L
7UPW_2,7UPW.D,1.0,H
7UPW_2,7UPW.F,1.0,H
7UPW_2,7UPW.H,1.0,H
7UPW_3,7UPW.E,1.0,L
7UPW_3,7UPW.G,1.0,L
7UPW_3,7UPW.I,1.0,L
7UPX_2,7UPX.B,1.0,H
7UPX_3,7UPX.C,1.0,L
7UPY_2,7UPY.D,1.0,H
7UPY_2,7UPY.F,1.0,H
7UPY_2,7UPY.H,1.0,H
7UPY_3,7UPY.E,1.0,L
7UPY_3,7UPY.G,1.0,L
7UPY_3,7UPY.I,1.0,L
7V27_2,7V27.B,1.0,H
7V27_3,7V27.C,1.0,L
7WCD_2,7WCD.B,1.0,H
7WCD_2,7WCD.E,1.0,H
7WCD_2,7WCD.H,1.0,H
7WCD_3,7WCD.C,1.0,L
7WCD_3,7WCD.F,1.0,L
7WCD_3,7WCD.I,1.0,L
8DF5_4,8DF5.G,1.0,H
8DF5_4,8DF5.I,1.0,H
8DF5_5,8DF5.H,1.0,L
8DF5_5,8DF5.J,1.0,L
8DF5_1,8DF5.A,1.0,H
8DF5_1,8DF5.C,1.0,H
8DF5_2,8DF5.B,1.0,L
8DF5_2,8DF5.D,1.0,L
7WO4_2,7WO4.D,1.0,H
7WO4_2,7WO4.F,1.0,H
7WO4_2,7WO4.H,1.0,H
7WO4_2,7WO4.M,1.0,H
7WO4_2,7WO4.O,1.0,H
7WO4_2,7WO4.Q,1.0,H
7WO4_3,7WO4.E,1.0,L
7WO4_3,7WO4.G,1.0,L
7WO4_3,7WO4.I,1.0,L
7WO4_3,7WO4.N,1.0,L
7WO4_3,7WO4.P,1.0,L
7WO4_3,7WO4.R,1.0,L
7WO5_2,7WO5.D,1.0,H
7WO5_2,7WO5.F,1.0,H
7WO5_2,7WO5.H,1.0,H
7WO5_3,7WO5.E,1.0,L
7WO5_3,7WO5.G,1.0,L
7WO5_3,7WO5.I,1.0,L
7WO7_1,7WO7.A,1.0,H
7WO7_2,7WO7.B,1.0,L
7WOA_2,7WOA.D,1.0,H
7WOA_2,7WOA.F,1.0,H
7WOA_3,7WOA.E,1.0,L
7WOA_3,7WOA.G,1.0,L
7WOB_2,7WOB.D,1.0,H
7WOB_2,7WOB.F,1.0,H
7WOB_2,7WOB.H,1.0,H
7WOB_3,7WOB.E,1.0,L
7WOB_3,7WOB.G,1.0,L
7WOB_3,7WOB.I,1.0,L
7WOC_2,7WOC.B,1.0,H
7WOC_3,7WOC.C,1.0,L
7WOG_2,7WOG.B,1.0,H
7WOG_3,7WOG.C,1.0,L
7WP0_2,7WP0.B,1.0,H
7WP0_1,7WP0.A,1.0,L
7WP2_2,7WP2.B,1.0,H
7WP2_1,7WP2.A,1.0,L
7WON_3,7WON.C,1.0,H
7WON_2,7WON.B,1.0,L
7WP1_2,7WP1.B,1.0,H
7WP1_1,7WP1.A,1.0,L
8DCC_3,8DCC.C,1.0,H
8DCC_2,8DCC.B,1.0,L
7X1M_1,7X1M.A,1.0,H
7X1M_2,7X1M.B,1.0,L
7X1M_5,7X1M.E,1.0,H
7X1M_6,7X1M.F,1.0,L
7X1M_3,7X1M.C,1.0,H
7X1M_4,7X1M.D,1.0,L
7F3Q_4,7F3Q.D,1.0,H
7F3Q_5,7F3Q.E,1.0,L
7F3Q_2,7F3Q.B,1.0,H
7F3Q_3,7F3Q.C,1.0,L
7XOD_2,7XOD.D,1.0,H
7XOD_2,7XOD.G,1.0,H
7XOD_2,7XOD.J,1.0,H
7XOD_3,7XOD.E,1.0,L
7XOD_3,7XOD.H,1.0,L
7XOD_3,7XOD.K,1.0,L
7WRO_1,7WRO.A,1.0,H
7WRO_2,7WRO.B,1.0,L
7F6Z_2,7F6Z.B,1.0,H
7F6Z_3,7F6Z.C,1.0,L
7WI0_2,7WI0.B,1.0,H
7WI0_4,7WI0.D,1.0,L
7WI0_3,7WI0.C,1.0,H
7WI0_5,7WI0.E,1.0,L
7WI0_6,7WI0.F,1.0,H
7WI0_7,7WI0.G,1.0,L
7FCP_2,7FCP.B,1.0,H
7FCP_3,7FCP.C,1.0,L
7FCP_4,7FCP.D,1.0,H
7FCP_5,7FCP.E,1.0,L
7WHZ_2,7WHZ.B,1.0,H
7WHZ_4,7WHZ.D,1.0,L
7WHZ_3,7WHZ.C,1.0,H
7WHZ_5,7WHZ.E,1.0,L
7WHZ_6,7WHZ.F,1.0,H
7WHZ_7,7WHZ.G,1.0,L
7F6Y_2,7F6Y.B,1.0,H
7F6Y_3,7F6Y.C,1.0,L
7F7H_1,7F7H.A,1.0,H
7F7H_1,7F7H.D,1.0,H
7F7H_2,7F7H.B,1.0,L
7F7H_2,7F7H.E,1.0,L
7FCQ_2,7FCQ.B,1.0,H
7FCQ_3,7FCQ.C,1.0,L
6W41_3,6W41.C,,spike
6WPS_1,6WPS.A,,spike
6WPS_1,6WPS.D,,spike
6WPS_1,6WPS.G,,spike
6WPT_1,6WPT.A,,spike
6WPT_1,6WPT.B,,spike
6WPT_1,6WPT.C,,spike
6XC2_1,6XC2.A,,spike
6XC2_1,6XC2.D,,spike
6XC3_5,6XC3.E,,spike
6XC4_1,6XC4.A,,spike
6XC4_1,6XC4.D,,spike
6XC7_1,6XC7.A,,spike
6XCM_1,6XCM.A,,spike
6XCM_1,6XCM.B,,spike
6XCM_1,6XCM.C,,spike
6XCN_1,6XCN.A,,spike
6XCN_1,6XCN.B,,spike
6XCN_1,6XCN.C,,spike
6XDG_1,6XDG.A,,spike
6XE1_3,6XE1.C,,spike
6XEY_1,6XEY.A,,spike
6XEY_1,6XEY.B,,spike
6XEY_1,6XEY.C,,spike
6XKP_1,6XKP.A,,spike
6XKP_1,6XKP.B,,spike
6XKQ_1,6XKQ.A,,spike
6YLA_1,6YLA.A,,spike
6YLA_1,6YLA.D,,spike
6YM0_1,6YM0.A,,spike
6YZ5_1,6YZ5.A,,spike
6YZ7_1,6YZ7.A,,spike
6YZ7_1,6YZ7.E,,spike
6Z2M_1,6Z2M.A,,spike
6Z2M_1,6Z2M.D,,spike
6Z43_1,6Z43.A,,spike
6Z43_1,6Z43.B,,spike
6Z43_1,6Z43.C,,spike
6ZBP_1,6ZBP.A,,spike
6ZCZ_1,6ZCZ.A,,spike
6ZDG_1,6ZDG.A,,spike
6ZDG_1,6ZDG.D,,spike
6ZDG_1,6ZDG.G,,spike
6ZDH_1,6ZDH.A,,spike
6ZDH_1,6ZDH.B,,spike
6ZDH_1,6ZDH.C,,spike
6ZER_1,6ZER.A,,spike
6ZER_1,6ZER.D,,spike
6ZER_1,6ZER.G,,spike
6ZFO_1,6ZFO.A,,spike
6ZFO_1,6ZFO.D,,spike
6ZH9_3,6ZH9.C,,spike
6ZHD_1,6ZHD.A,,spike
6ZHD_1,6ZHD.B,,spike
6ZHD_1,6ZHD.C,,spike
6ZLR_1,6ZLR.A,,spike
6ZLR_1,6ZLR.D,,spike
6ZLR_1,6ZLR.G,,spike
6ZXN_1,6ZXN.A,,spike
6ZXN_1,6ZXN.B,,spike
6ZXN_1,6ZXN.C,,spike
7A25_1,7A25.A,,spike
7A25_1,7A25.B,,spike
7A25_1,7A25.C,,spike
7A29_1,7A29.A,,spike
7A29_1,7A29.B,,spike
7A29_1,7A29.C,,spike
7A5R_3,7A5R.C,,spike
7A5R_3,7A5R.D,,spike
7A5S_3,7A5S.C,,spike
7A5S_3,7A5S.E,,spike
7AKD_1,7AKD.A,,spike
7AKD_1,7AKD.B,,spike
7AKD_1,7AKD.C,,spike
7B0B_3,7B0B.C,,spike
7B14_1,7B14.A,,spike
7B17_1,7B17.A,,spike
7B18_1,7B18.A,,spike
7B18_1,7B18.B,,spike
7B18_1,7B18.C,,spike
7B27_1,7B27.A,,spike
7B27_1,7B27.B,,spike
7B3O_1,7B3O.A,,spike
7BEH_1,7BEH.A,,spike
7BEI_3,7BEI.C,,spike
7BEJ_3,7BEJ.C,,spike
7BEK_3,7BEK.C,,spike
7BEL_1,7BEL.A,,spike
7BEL_1,7BEL.F,,spike
7BEM_3,7BEM.C,,spike
7BEN_1,7BEN.A,,spike
7BEN_1,7BEN.F,,spike
7BEO_1,7BEO.A,,spike
7BEO_1,7BEO.F,,spike
7BEP_1,7BEP.A,,spike
7BEP_1,7BEP.F,,spike
7BNV_1,7BNV.A,,spike
7BWJ_1,7BWJ.A,,spike
7BYR_1,7BYR.A,,spike
7BYR_1,7BYR.B,,spike
7BYR_1,7BYR.C,,spike
7BZ5_1,7BZ5.A,,spike
7C01_1,7C01.A,,spike
7C01_1,7C01.D,,spike
7C8V_2,7C8V.B,,spike
7C8W_2,7C8W.B,,spike
7CAC_1,7CAC.A,,spike
7CAC_1,7CAC.B,,spike
7CAC_1,7CAC.C,,spike
7CAH_3,7CAH.C,,spike
7CAI_1,7CAI.A,,spike
7CAI_1,7CAI.B,,spike
7CAI_1,7CAI.C,,spike
7CAK_1,7CAK.A,,spike
7CAK_1,7CAK.B,,spike
7CAK_1,7CAK.C,,spike
7CAN_2,7CAN.B,,spike
7CDI_1,7CDI.A,,spike
7CDJ_1,7CDJ.A,,spike
7CH4_3,7CH4.C,,spike
7CH5_3,7CH5.C,,spike
7CHB_3,7CHB.C,,spike
7CHC_3,7CHC.C,,spike
7CHE_3,7CHE.C,,spike
7CHF_3,7CHF.C,,spike
7CHH_1,7CHH.A,,spike
7CHH_1,7CHH.B,,spike
7CHH_1,7CHH.C,,spike
7CHO_1,7CHO.A,,spike
7CHO_1,7CHO.D,,spike
7CHP_1,7CHP.A,,spike
7CHS_1,7CHS.A,,spike
7CJF_3,7CJF.C,,spike
7CM4_1,7CM4.A,,spike
7CWL_1,7CWL.A,,spike
7CWL_1,7CWL.B,,spike
7CWL_1,7CWL.C,,spike
7CWM_1,7CWM.A,,spike
7CWM_1,7CWM.B,,spike
7CWM_1,7CWM.C,,spike
7CWN_1,7CWN.A,,spike
7CWN_1,7CWN.B,,spike
7CWN_1,7CWN.C,,spike
7CWO_1,7CWO.A,,spike
7CWS_5,7CWS.M,,spike
7CWS_5,7CWS.N,,spike
7CWS_5,7CWS.O,,spike
7CWT_1,7CWT.A,,spike
7CWT_1,7CWT.B,,spike
7CWT_1,7CWT.C,,spike
7CWU_3,7CWU.G,,spike
7CWU_3,7CWU.H,,spike
7CWU_3,7CWU.I,,spike
7CYH_1,7CYH.A,,spike
7CYP_1,7CYP.A,,spike
7CYP_1,7CYP.B,,spike
7CYP_1,7CYP.C,,spike
7CYV_2,7CYV.B,,spike
7CZP_1,7CZP.A,,spike
7CZP_1,7CZP.B,,spike
7CZP_1,7CZP.C,,spike
7CZQ_1,7CZQ.A,,spike
7CZQ_1,7CZQ.B,,spike
7CZQ_1,7CZQ.C,,spike
7CZR_1,7CZR.A,,spike
7CZR_1,7CZR.B,,spike
7CZR_1,7CZR.C,,spike
7CZS_1,7CZS.A,,spike
7CZS_1,7CZS.B,,spike
7CZS_1,7CZS.C,,spike
7CZT_1,7CZT.A,,spike
7CZT_1,7CZT.B,,spike
7CZT_1,7CZT.C,,spike
7CZU_1,7CZU.A,,spike
7CZU_1,7CZU.B,,spike
7CZU_1,7CZU.C,,spike
7CZV_1,7CZV.A,,spike
7CZV_1,7CZV.B,,spike
7CZV_1,7CZV.C,,spike
7CZW_1,7CZW.A,,spike
7CZW_1,7CZW.B,,spike
7CZW_1,7CZW.C,,spike
7CZX_1,7CZX.A,,spike
7CZX_1,7CZX.B,,spike
7CZX_1,7CZX.C,,spike
7CZY_1,7CZY.A,,spike
7CZY_1,7CZY.B,,spike
7CZY_1,7CZY.C,,spike
7CZZ_1,7CZZ.A,,spike
7CZZ_1,7CZZ.B,,spike
7CZZ_1,7CZZ.C,,spike
7D00_1,7D00.A,,spike
7D00_1,7D00.B,,spike
7D00_1,7D00.C,,spike
7D03_1,7D03.A,,spike
7D03_1,7D03.B,,spike
7D03_1,7D03.C,,spike
7D0B_1,7D0B.A,,spike
7D0B_1,7D0B.B,,spike
7D0B_1,7D0B.C,,spike
7D0C_1,7D0C.A,,spike
7D0C_1,7D0C.B,,spike
7D0C_1,7D0C.C,,spike
7D0D_1,7D0D.A,,spike
7D0D_1,7D0D.B,,spike
7D0D_1,7D0D.G,,spike
7D2Z_2,7D2Z.B,,spike
7D30_2,7D30.B,,spike
7D6I_1,7D6I.A,,spike
7DCC_2,7DCC.D,,spike
7DCC_2,7DCC.G,,spike
7DCC_2,7DCC.H,,spike
7DCX_2,7DCX.C,,spike
7DCX_2,7DCX.H,,spike
7DCX_2,7DCX.I,,spike
7DD2_1,7DD2.A,,spike
7DD2_1,7DD2.B,,spike
7DD2_1,7DD2.E,,spike
7DD8_3,7DD8.C,,spike
7DD8_3,7DD8.D,,spike
7DD8_3,7DD8.E,,spike
7DEO_2,7DEO.B,,spike
7DEO_2,7DEO.D,,spike
7DET_1,7DET.A,,spike
7DET_1,7DET.C,,spike
7DEU_1,7DEU.A,,spike
7DJZ_3,7DJZ.C,,spike
7DK0_3,7DK0.C,,spike
7DK2_3,7DK2.C,,spike
7DK2_3,7DK2.F,,spike
7DK2_3,7DK2.I,,spike
7DK2_3,7DK2.L,,spike
7DK4_3,7DK4.C,,spike
7DK4_3,7DK4.D,,spike
7DK4_3,7DK4.E,,spike
7DK5_1,7DK5.A,,spike
7DK5_1,7DK5.B,,spike
7DK5_1,7DK5.E,,spike
7DK6_1,7DK6.A,,spike
7DK6_1,7DK6.B,,spike
7DK6_1,7DK6.C,,spike
7DK7_3,7DK7.C,,spike
7DK7_3,7DK7.D,,spike
7DK7_3,7DK7.I,,spike
7DPM_3,7DPM.C,,spike
7DPM_3,7DPM.F,,spike
7DPM_3,7DPM.I,,spike
7DPM_3,7DPM.L,,spike
7DX4_2,7DX4.B,,spike
7E23_1,7E23.A,,spike
7E39_1,7E39.A,,spike
7E3B_1,7E3B.A,,spike
7E3C_1,7E3C.A,,spike
7E3K_1,7E3K.A,,spike
7E3K_1,7E3K.B,,spike
7E3K_1,7E3K.C,,spike
7E3L_1,7E3L.A,,spike
7E3L_1,7E3L.B,,spike
7E3L_1,7E3L.C,,spike
7E3O_3,7E3O.C,,spike
7E5O_3,7E5O.C,,spike
7E5R_3,7E5R.G,,spike
7E5R_3,7E5R.N,,spike
7E5R_3,7E5R.U,,spike
7E5S_1,7E5S.A,,spike
7E5S_1,7E5S.B,,spike
7E5S_1,7E5S.C,,spike
7E5Y_1,7E5Y.A,,spike
7E5Y_1,7E5Y.D,,spike
7E7Y_3,7E7Y.C,,spike
7E7Y_3,7E7Y.F,,spike
7E86_1,7E86.A,,spike
7E88_3,7E88.C,,spike
7E88_3,7E88.F,,spike
7E88_3,7E88.I,,spike
7E88_3,7E88.L,,spike
7E8C_1,7E8C.A,,spike
7E8C_1,7E8C.B,,spike
7E8C_1,7E8C.C,,spike
7E8F_1,7E8F.A,,spike
7E8M_1,7E8M.A,,spike
7E9N_1,7E9N.A,,spike
7E9N_1,7E9N.B,,spike
7E9N_1,7E9N.C,,spike
7E9O_1,7E9O.A,,spike
7E9O_1,7E9O.B,,spike
7E9O_1,7E9O.C,,spike
7E9P_1,7E9P.A,,spike
7E9Q_1,7E9Q.A,,spike
7E9Q_1,7E9Q.B,,spike
7E9Q_1,7E9Q.C,,spike
7EAM_1,7EAM.A,,spike
7EAM_1,7EAM.D,,spike
7EAN_1,7EAN.A,,spike
7EH5_1,7EH5.A,,spike
7EH5_1,7EH5.J,,spike
7EH5_1,7EH5.K,,spike
7EJ4_1,7EJ4.A,,spike
7EJ4_1,7EJ4.B,,spike
7EJ4_1,7EJ4.C,,spike
7EJ5_1,7EJ5.A,,spike
7EJ5_1,7EJ5.B,,spike
7EJ5_1,7EJ5.C,,spike
7EJY_1,7EJY.A,,spike
7EJZ_1,7EJZ.A,,spike
7EK0_1,7EK0.A,,spike
7ENF_1,7ENF.A,,spike
7ENF_1,7ENF.B,,spike
7ENF_1,7ENF.C,,spike
7ENG_3,7ENG.C,,spike
7EPX_1,7EPX.A,,spike
7EPX_1,7EPX.B,,spike
7EPX_1,7EPX.C,,spike
7EY0_4,7EY0.D,,spike
7EY0_4,7EY0.F,,spike
7EY4_3,7EY4.C,,spike
7EY5_1,7EY5.A,,spike
7EYA_1,7EYA.A,,spike
7EZV_1,7EZV.A,,spike
7F46_1,7F46.A,,spike
7F46_1,7F46.B,,spike
7F5G_1,7F5G.A,,spike
7F5G_1,7F5G.C,,spike
7F62_1,7F62.A,,spike
7F63_1,7F63.A,,spike
7F7E_3,7F7E.C,,spike
7FAE_1,7FAE.A,,spike
7FAE_1,7FAE.B,,spike
7FAE_1,7FAE.C,,spike
7FAF_1,7FAF.A,,spike
7FAF_1,7FAF.H,,spike
7FAF_1,7FAF.I,,spike
7FAT_1,7FAT.A,,spike
7FAU_1,7FAU.A,,spike
7FAU_1,7FAU.C,,spike
7FG2_1,7FG2.A,,spike
7FG3_1,7FG3.A,,spike
7FJN_1,7FJN.A,,spike
7FJN_1,7FJN.B,,spike
7FJN_1,7FJN.C,,spike
7FJO_3,7FJO.G,,spike
7FJO_3,7FJO.H,,spike
7FJO_3,7FJO.I,,spike
7FJS_2,7FJS.B,,spike
7FJS_2,7FJS.E,,spike
7JMO_1,7JMO.A,,spike
7JMP_1,7JMP.A,,spike
7JMW_1,7JMW.A,,spike
7JV2_3,7JV2.C,,spike
7JV4_1,7JV4.A,,spike
7JV4_1,7JV4.B,,spike
7JV4_1,7JV4.C,,spike
7JV6_1,7JV6.A,,spike
7JV6_1,7JV6.D,,spike
7JV6_1,7JV6.G,,spike
7JVA_3,7JVA.C,,spike
7JVB_1,7JVB.A,,spike
7JVB_1,7JVB.C,,spike
7JVC_1,7JVC.A,,spike
7JVC_1,7JVC.D,,spike
7JVC_1,7JVC.G,,spike
7JW0_1,7JW0.A,,spike
7JW0_1,7JW0.D,,spike
7JW0_1,7JW0.G,,spike
7JWB_2,7JWB.B,,spike
7JWB_2,7JWB.C,,spike
7JWB_2,7JWB.D,,spike
7JX3_7,7JX3.G,,spike
7K43_1,7K43.A,,spike
7K43_1,7K43.D,,spike
7K43_1,7K43.G,,spike
7K45_3,7K45.C,,spike
7K4N_1,7K4N.A,,spike
7K4N_1,7K4N.D,,spike
7K4N_1,7K4N.G,,spike
7K8M_3,7K8M.C,,spike
7K8S_1,7K8S.A,,spike
7K8S_1,7K8S.B,,spike
7K8S_1,7K8S.C,,spike
7K8T_1,7K8T.A,,spike
7K8T_1,7K8T.B,,spike
7K8T_1,7K8T.C,,spike
7K8U_1,7K8U.A,,spike
7K8U_1,7K8U.B,,spike
7K8U_1,7K8U.C,,spike
7K8V_1,7K8V.A,,spike
7K8V_1,7K8V.B,,spike
7K8V_1,7K8V.C,,spike
7K8W_1,7K8W.A,,spike
7K8W_1,7K8W.B,,spike
7K8W_1,7K8W.C,,spike
7K8X_1,7K8X.A,,spike
7K8X_1,7K8X.B,,spike
7K8X_1,7K8X.C,,spike
7K8Y_1,7K8Y.A,,spike
7K8Y_1,7K8Y.B,,spike
7K8Y_1,7K8Y.C,,spike
7K8Z_1,7K8Z.A,,spike
7K8Z_1,7K8Z.B,,spike
7K8Z_1,7K8Z.C,,spike
7K90_1,7K90.A,,spike
7K90_1,7K90.B,,spike
7K90_1,7K90.C,,spike
7K9H_1,7K9H.A,,spike
7K9H_1,7K9H.B,,spike
7K9H_1,7K9H.C,,spike
7K9I_1,7K9I.A,,spike
7K9J_1,7K9J.A,,spike
7K9J_1,7K9J.B,,spike
7K9J_1,7K9J.C,,spike
7K9K_1,7K9K.A,,spike
7K9Z_5,7K9Z.E,,spike
7KFV_1,7KFV.A,,spike
7KFV_1,7KFV.B,,spike
7KFV_1,7KFV.E,,spike
7KFW_1,7KFW.A,,spike
7KFW_1,7KFW.B,,spike
7KFW_1,7KFW.E,,spike
7KFX_1,7KFX.A,,spike
7KFY_1,7KFY.A,,spike
7KGJ_1,7KGJ.A,,spike
7KGK_1,7KGK.A,,spike
7KKK_1,7KKK.A,,spike
7KKK_1,7KKK.C,,spike
7KKK_1,7KKK.E,,spike
7KKL_1,7KKL.A,,spike
7KKL_1,7KKL.C,,spike
7KKL_1,7KKL.E,,spike
7KLG_3,7KLG.E,,spike
7KLG_3,7KLG.F,,spike
7KLH_3,7KLH.E,,spike
7KLH_3,7KLH.F,,spike
7KLW_1,7KLW.A,,spike
7KM5_1,7KM5.A,,spike
7KM5_1,7KM5.B,,spike
7KMG_3,7KMG.C,,spike
7KMG_3,7KMG.F,,spike
7KMH_3,7KMH.C,,spike
7KMI_3,7KMI.C,,spike
7KMK_1,7KMK.A,,spike
7KMK_1,7KMK.B,,spike
7KMK_1,7KMK.C,,spike
7KML_1,7KML.A,,spike
7KML_1,7KML.B,,spike
7KML_1,7KML.C,,spike
7KN3_1,7KN3.A,,spike
7KN3_1,7KN3.B,,spike
7KN4_1,7KN4.A,,spike
7KN4_1,7KN4.B,,spike
7KN5_1,7KN5.A,,spike
7KN5_1,7KN5.B,,spike
7KN6_1,7KN6.A,,spike
7KN7_1,7KN7.A,,spike
7KQB_1,7KQB.A,,spike
7KQB_1,7KQB.B,,spike
7KQB_1,7KQB.C,,spike
7KQE_3,7KQE.C,,spike
7KQE_3,7KQE.D,,spike
7KQE_3,7KQE.E,,spike
7KS9_3,7KS9.C,,spike
7KS9_3,7KS9.D,,spike
7KS9_3,7KS9.E,,spike
7KSG_1,7KSG.A,,spike
7KSG_1,7KSG.B,,spike
7KSG_1,7KSG.C,,spike
7KXJ_1,7KXJ.A,,spike
7KXJ_1,7KXJ.B,,spike
7KXJ_1,7KXJ.C,,spike
7KXK_1,7KXK.A,,spike
7KXK_1,7KXK.B,,spike
7KXK_1,7KXK.C,,spike
7KZB_3,7KZB.C,,spike
7L0N_6,7L0N.K,,spike
7L0N_6,7L0N.L,,spike
7L3N_1,7L3N.A,,spike
7L3N_1,7L3N.B,,spike
7L3N_1,7L3N.C,,spike
7L56_1,7L56.A,,spike
7L56_1,7L56.B,,spike
7L56_1,7L56.C,,spike
7L57_1,7L57.A,,spike
7L57_1,7L57.B,,spike
7L57_1,7L57.C,,spike
7L58_1,7L58.A,,spike
7L58_1,7L58.B,,spike
7L58_1,7L58.C,,spike
7L5B_1,7L5B.A,,spike
7L7D_3,7L7D.C,,spike
7L7E_5,7L7E.Q,,spike
7L7E_5,7L7E.R,,spike
7L7E_5,7L7E.S,,spike
7L7E_5,7L7E.T,,spike
7LAA_1,7LAA.A,,spike
7LAA_1,7LAA.B,,spike
7LAA_1,7LAA.E,,spike
7LD1_1,7LD1.A,,spike
7LD1_1,7LD1.B,,spike
7LD1_1,7LD1.C,,spike
7LDJ_1,7LDJ.A,,spike
7LDJ_1,7LDJ.B,,spike
7LDJ_1,7LDJ.C,,spike
7LDJ_1,7LDJ.D,,spike
7LJR_1,7LJR.A,,spike
7LJR_1,7LJR.B,,spike
7LJR_1,7LJR.C,,spike
7LM8_1,7LM8.A,,spike
7LOP_3,7LOP.E,,spike
7LOP_3,7LOP.J,,spike
7LQ7_1,7LQ7.A,,spike
7LQ7_1,7LQ7.B,,spike
7LQ7_1,7LQ7.E,,spike
7LRS_1,7LRS.A,,spike
7LRT_3,7LRT.G,,spike
7LRT_3,7LRT.H,,spike
7LRT_3,7LRT.I,,spike
7LS9_1,7LS9.A,,spike
7LS9_1,7LS9.D,,spike
7LS9_1,7LS9.G,,spike
7LSS_1,7LSS.A,,spike
7LSS_1,7LSS.B,,spike
7LSS_1,7LSS.C,,spike
7LX5_1,7LX5.A,,spike
7LXY_1,7LXY.A,,spike
7LXY_1,7LXY.F,,spike
7LXY_1,7LXY.K,,spike
7LXZ_1,7LXZ.A,,spike
7LXZ_1,7LXZ.F,,spike
7LXZ_1,7LXZ.K,,spike
7LY2_1,7LY2.A,,spike
7LY2_1,7LY2.F,,spike
7LY2_1,7LY2.K,,spike
7M3I_3,7M3I.C,,spike
7M3I_3,7M3I.F,,spike
7M42_3,7M42.C,,spike
7M6D_3,7M6D.C,,spike
7M6E_1,7M6E.A,,spike
7M6E_1,7M6E.B,,spike
7M6E_1,7M6E.D,,spike
7M6F_1,7M6F.A,,spike
7M6F_1,7M6F.B,,spike
7M6F_1,7M6F.E,,spike
7M6G_1,7M6G.A,,spike
7M6G_1,7M6G.B,,spike
7M6G_1,7M6G.C,,spike
7M6H_1,7M6H.A,,spike
7M6H_1,7M6H.B,,spike
7M6H_1,7M6H.C,,spike
7M6I_1,7M6I.A,,spike
7M6I_1,7M6I.B,,spike
7M6I_1,7M6I.C,,spike
7M71_1,7M71.A,,spike
7M71_1,7M71.B,,spike
7M7B_1,7M7B.A,,spike
7M7W_5,7M7W.I,,spike
7M7W_5,7M7W.J,,spike
7MDW_2,7MDW.B,,spike
7ME7_1,7ME7.A,,spike
7MEJ_2,7MEJ.B,,spike
7MF1_1,7MF1.A,,spike
7MFU_1,7MFU.A,,spike
7MFU_1,7MFU.D,,spike
7MJH_1,7MJH.A,,spike
7MJH_1,7MJH.B,,spike
7MJH_1,7MJH.C,,spike
7MJI_1,7MJI.A,,spike
7MJJ_1,7MJJ.A,,spike
7MJJ_1,7MJJ.B,,spike
7MJJ_1,7MJJ.C,,spike
7MJK_1,7MJK.A,,spike
7MJK_1,7MJK.H,,spike
7MJK_1,7MJK.I,,spike
7MJL_1,7MJL.A,,spike
7MKL_1,7MKL.A,,spike
7MKL_1,7MKL.B,,spike
7MKL_1,7MKL.C,,spike
7MKM_1,7MKM.A,,spike
7MLZ_1,7MLZ.A,,spike
7MM0_3,7MM0.C,,spike
7MM0_3,7MM0.D,,spike
7MM0_3,7MM0.E,,spike
7MMO_3,7MMO.C,,spike
7MMO_3,7MMO.F,,spike
7MSQ_1,7MSQ.A,,spike
7MSQ_1,7MSQ.B,,spike
7MW2_1,7MW2.A,,spike
7MW2_1,7MW2.D,,spike
7MW2_1,7MW2.G,,spike
7MW3_3,7MW3.C,,spike
7MW3_3,7MW3.D,,spike
7MW3_3,7MW3.G,,spike
7MW4_1,7MW4.A,,spike
7MW4_1,7MW4.D,,spike
7MW4_1,7MW4.G,,spike
7MW5_3,7MW5.C,,spike
7MW5_3,7MW5.D,,spike
7MW5_3,7MW5.G,,spike
7MW6_1,7MW6.A,,spike
7MW6_1,7MW6.F,,spike
7MW6_1,7MW6.G,,spike
7MY2_1,7MY2.A,,spike
7MY2_1,7MY2.B,,spike
7MY2_1,7MY2.C,,spike
7MY3_1,7MY3.A,,spike
7MY3_1,7MY3.B,,spike
7MY3_1,7MY3.C,,spike
7MZF_1,7MZF.A,,spike
7MZG_3,7MZG.C,,spike
7MZH_1,7MZH.A,,spike
7MZH_1,7MZH.D,,spike
7MZI_3,7MZI.C,,spike
7MZJ_3,7MZJ.C,,spike
7MZJ_3,7MZJ.F,,spike
7MZK_2,7MZK.B,,spike
7MZK_2,7MZK.E,,spike
7MZL_1,7MZL.A,,spike
7MZM_3,7MZM.C,,spike
7MZN_1,7MZN.A,,spike
7N0G_1,7N0G.A,,spike
7N0G_1,7N0G.B,,spike
7N0G_1,7N0G.C,,spike
7N0H_1,7N0H.A,,spike
7N0H_1,7N0H.B,,spike
7N0H_1,7N0H.C,,spike
7N3I_1,7N3I.A,,spike
7N4I_3,7N4I.C,,spike
7N4J_1,7N4J.A,,spike
7N4L_1,7N4L.A,,spike
7N4M_2,7N4M.B,,spike
7N5H_1,7N5H.A,,spike
7N5H_1,7N5H.B,,spike
7N5H_1,7N5H.C,,spike
7N64_1,7N64.A,,spike
7N64_1,7N64.B,,spike
7N8H_1,7N8H.A,,spike
7N8H_1,7N8H.F,,spike
7N8H_1,7N8H.K,,spike
7N9A_2,7N9A.B,,spike
7N9B_1,7N9B.A,,spike
7N9B_1,7N9B.B,,spike
7N9B_1,7N9B.C,,spike
7N9C_1,7N9C.A,,spike
7N9C_1,7N9C.B,,spike
7N9C_1,7N9C.C,,spike
7N9E_2,7N9E.B,,spike
7N9E_2,7N9E.C,,spike
7N9E_2,7N9E.D,,spike
7N9T_1,7N9T.A,,spike
7N9T_1,7N9T.B,,spike
7N9T_1,7N9T.C,,spike
7ND3_1,7ND3.A,,spike
7ND3_1,7ND3.B,,spike
7ND3_1,7ND3.C,,spike
7ND4_1,7ND4.A,,spike
7ND4_1,7ND4.B,,spike
7ND4_1,7ND4.C,,spike
7ND5_1,7ND5.A,,spike
7ND5_1,7ND5.B,,spike
7ND5_1,7ND5.C,,spike
7ND6_1,7ND6.A,,spike
7ND6_1,7ND6.B,,spike
7ND6_1,7ND6.C,,spike
7ND7_1,7ND7.A,,spike
7ND7_1,7ND7.B,,spike
7ND7_1,7ND7.C,,spike
7ND8_1,7ND8.A,,spike
7ND8_1,7ND8.B,,spike
7ND8_1,7ND8.C,,spike
7ND9_1,7ND9.A,,spike
7ND9_1,7ND9.B,,spike
7ND9_1,7ND9.C,,spike
7NDA_1,7NDA.A,,spike
7NDA_1,7NDA.B,,spike
7NDA_1,7NDA.C,,spike
7NDB_1,7NDB.A,,spike
7NDB_1,7NDB.B,,spike
7NDB_1,7NDB.C,,spike
7NEG_3,7NEG.C,,spike
7NEH_3,7NEH.C,,spike
7NKT_1,7NKT.A,,spike
7NLL_1,7NLL.A,,spike
7NLL_1,7NLL.B,,spike
7NP1_1,7NP1.A,,spike
7NP1_1,7NP1.B,,spike
7NP1_1,7NP1.C,,spike
7NP1_1,7NP1.D,,spike
7NS6_2,7NS6.G,,spike
7NS6_2,7NS6.H,,spike
7NS6_2,7NS6.I,,spike
7NS6_2,7NS6.J,,spike
7NS6_2,7NS6.K,,spike
7NS6_2,7NS6.L,,spike
7NX6_3,7NX6.C,,spike
7NX7_3,7NX7.C,,spike
7NX8_3,7NX8.C,,spike
7NX9_3,7NX9.C,,spike
7NXA_3,7NXA.C,,spike
7NXB_3,7NXB.C,,spike
7P40_1,7P40.A,,spike
7P40_1,7P40.E,,spike
7P40_1,7P40.G,,spike
7OAN_1,7OAN.A,,spike
7OAN_1,7OAN.B,,spike
7OAN_1,7OAN.C,,spike
7OAO_1,7OAO.A,,spike
7OAP_2,7OAP.B,,spike
7OAQ_2,7OAQ.B,,spike
7OAU_1,7OAU.A,,spike
7OAU_1,7OAU.C,,spike
7OAY_1,7OAY.A,,spike
7OAY_1,7OAY.C,,spike
7OAY_1,7OAY.E,,spike
7OAY_1,7OAY.G,,spike
7OAY_1,7OAY.I,,spike
7OAY_1,7OAY.K,,spike
7OLZ_3,7OLZ.C,,spike
7OR9_1,7OR9.A,,spike
7ORA_1,7ORA.A,,spike
7ORA_1,7ORA.F,,spike
7ORB_1,7ORB.A,,spike
7ORB_1,7ORB.F,,spike
7P77_1,7P77.A,,spike
7P77_1,7P77.B,,spike
7P77_1,7P77.C,,spike
7P78_1,7P78.A,,spike
7P78_1,7P78.B,,spike
7P78_1,7P78.C,,spike
7P79_1,7P79.A,,spike
7P79_1,7P79.B,,spike
7P79_1,7P79.C,,spike
7P7A_1,7P7A.A,,spike
7P7A_1,7P7A.B,,spike
7P7A_1,7P7A.C,,spike
7PHG_1,7PHG.A,,spike
7PQY_1,7PQY.A,,spike
7PQY_1,7PQY.B,,spike
7PQZ_1,7PQZ.A,,spike
7PR0_1,7PR0.A,,spike
7PR0_1,7PR0.D,,spike
7PR0_1,7PR0.G,,spike
7PRY_5,7PRY.E,,spike
7PRY_5,7PRY.J,,spike
7PRZ_2,7PRZ.B,,spike
7PS0_1,7PS0.A,,spike
7PS0_1,7PS0.D,,spike
7PS1_1,7PS1.A,,spike
7PS2_2,7PS2.B,,spike
7PS4_1,7PS4.A,,spike
7PS4_1,7PS4.D,,spike
7PS5_3,7PS5.C,,spike
7PS6_3,7PS6.C,,spike
7PS7_1,7PS7.A,,spike
7PS7_1,7PS7.B,,spike
7Q0A_1,7Q0A.A,,spike
7Q0A_1,7Q0A.B,,spike
7Q0A_1,7Q0A.C,,spike
7Q0G_1,7Q0G.A,,spike
7Q0H_5,7Q0H.E,,spike
7Q6E_1,7Q6E.A,,spike
7Q6E_1,7Q6E.B,,spike
7Q6E_1,7Q6E.C,,spike
7Q9F_1,7Q9F.A,,spike
7Q9F_1,7Q9F.B,,spike
7Q9F_1,7Q9F.C,,spike
7Q9G_1,7Q9G.A,,spike
7Q9G_1,7Q9G.B,,spike
7Q9G_1,7Q9G.C,,spike
7Q9J_1,7Q9J.A,,spike
7Q9J_1,7Q9J.B,,spike
7Q9J_1,7Q9J.C,,spike
7Q9K_1,7Q9K.A,,spike
7Q9K_1,7Q9K.B,,spike
7Q9K_1,7Q9K.C,,spike
7Q9M_1,7Q9M.A,,spike
7Q9M_1,7Q9M.B,,spike
7Q9M_1,7Q9M.C,,spike
7Q9P_1,7Q9P.A,,spike
7Q9P_1,7Q9P.B,,spike
7Q9P_1,7Q9P.C,,spike
7QEZ_1,7QEZ.A,,spike
7QF0_1,7QF0.A,,spike
7QF1_1,7QF1.A,,spike
7QF1_1,7QF1.B,,spike
7QNW_3,7QNW.C,,spike
7QNX_5,7QNX.E,,spike
7QNY_3,7QNY.C,,spike
7R40_1,7R40.A,,spike
7R40_1,7R40.D,,spike
7R40_1,7R40.G,,spike
7R6W_5,7R6W.E,,spike
7R6X_3,7R6X.C,,spike
7R7N_2,7R7N.B,,spike
7R8L_3,7R8L.C,,spike
7R8M_1,7R8M.A,,spike
7R8M_1,7R8M.B,,spike
7R8M_1,7R8M.C,,spike
7R8N_1,7R8N.A,,spike
7R8N_1,7R8N.B,,spike
7R8N_1,7R8N.C,,spike
7R8O_1,7R8O.A,,spike
7R8O_1,7R8O.B,,spike
7R8O_1,7R8O.C,,spike
7RA8_1,7RA8.A,,spike
7RA8_1,7RA8.D,,spike
7RA8_1,7RA8.G,,spike
7RAL_3,7RAL.C,,spike
7RBY_1,7RBY.A,,spike
7RBY_1,7RBY.C,,spike
7RKU_1,7RKU.A,,spike
7RKU_1,7RKU.B,,spike
7RKU_1,7RKU.C,,spike
7RKU_1,7RKU.D,,spike
7RKV_1,7RKV.A,,spike
7RKV_1,7RKV.B,,spike
7RKV_1,7RKV.C,,spike
7RR0_1,7RR0.A,,spike
7RXD_5,7RXD.E,,spike
7S0B_3,7S0B.E,,spike
7S0B_3,7S0B.F,,spike
7S0C_1,7S0C.A,,spike
7S0C_1,7S0C.B,,spike
7S0C_1,7S0C.C,,spike
7S0E_1,7S0E.A,,spike
7S4S_1,7S4S.A,,spike
7S5P_1,7S5P.A,,spike
7S5Q_1,7S5Q.A,,spike
7S5R_1,7S5R.A,,spike
7S6J_1,7S6J.A,,spike
7S6J_1,7S6J.D,,spike
7S6J_1,7S6J.G,,spike
7S6K_1,7S6K.A,,spike
7S6K_1,7S6K.D,,spike
7S6K_1,7S6K.G,,spike
7S6L_1,7S6L.A,,spike
7S6L_1,7S6L.D,,spike
7S6L_1,7S6L.E,,spike
7SBU_1,7SBU.A,,spike
7SC1_1,7SC1.A,,spike
7SC1_1,7SC1.D,,spike
7SC1_1,7SC1.G,,spike
7SD5_1,7SD5.A,,spike
7SI2_3,7SI2.G,,spike
7SI2_3,7SI2.H,,spike
7SI2_3,7SI2.I,,spike
7SN2_1,7SN2.A,,spike
7SN3_1,7SN3.A,,spike
7SN3_1,7SN3.B,,spike
7SN3_1,7SN3.C,,spike
7SO9_1,7SO9.A,,spike
7SO9_1,7SO9.F,,spike
7SO9_1,7SO9.K,,spike
7SOB_1,7SOB.A,,spike
7SOB_1,7SOB.F,,spike
7SOB_1,7SOB.K,,spike
7SWN_1,7SWN.A,,spike
7SWO_1,7SWO.A,,spike
7SWP_1,7SWP.A,,spike
7T01_1,7T01.A,,spike
7TAS_3,7TAS.C,,spike
7TAT_1,7TAT.A,,spike
7TAT_1,7TAT.B,,spike
7TAT_1,7TAT.C,,spike
7TB8_1,7TB8.A,,spike
7TB8_1,7TB8.B,,spike
7TB8_1,7TB8.C,,spike
7TBF_1,7TBF.A,,spike
7TC9_1,7TC9.A,,spike
7TCA_1,7TCA.A,,spike
7TCA_1,7TCA.B,,spike
7TCA_1,7TCA.C,,spike
7TCC_1,7TCC.A,,spike
7TCC_1,7TCC.B,,spike
7TCC_1,7TCC.C,,spike
7TE1_3,7TE1.E,,spike
7TE1_3,7TE1.F,,spike
7THE_1,7THE.A,,spike
7THT_1,7THT.A,,spike
7THT_1,7THT.B,,spike
7THT_1,7THT.C,,spike
7TLY_3,7TLY.C,,spike
7TM0_1,7TM0.A,,spike
7TM0_1,7TM0.B,,spike
7TM0_1,7TM0.C,,spike
7TN0_6,7TN0.I,,spike
7TN0_6,7TN0.L,,spike
7TP3_1,7TP3.A,,spike
7TP4_1,7TP4.A,,spike
7TPR_1,7TPR.A,,spike
7TPR_1,7TPR.B,,spike
7TPR_1,7TPR.C,,spike
7U0D_1,7U0D.A,,spike
7U2D_1,7U2D.A,,spike
7U2E_1,7U2E.A,,spike
7URQ_1,7URQ.A,,spike
7URS_1,7URS.A,,spike
7V26_1,7V26.A,,spike
7V26_1,7V26.B,,spike
7V26_1,7V26.C,,spike
7V2A_1,7V2A.A,,spike
7V2A_1,7V2A.D,,spike
7V2A_1,7V2A.E,,spike
7VMU_2,7VMU.B,,spike
7VNB_2,7VNB.B,,spike
7VNC_1,7VNC.A,,spike
7VNC_1,7VNC.C,,spike
7VNC_1,7VNC.D,,spike
7VND_1,7VND.A,,spike
7VND_1,7VND.B,,spike
7VND_1,7VND.C,,spike
7VNE_1,7VNE.A,,spike
7VNE_1,7VNE.C,,spike
7VNE_1,7VNE.E,,spike
7VYR_3,7VYR.C,,spike
7VYR_3,7VYR.F,,spike
7W9E_1,7W9E.A,,spike
7W9E_1,7W9E.B,,spike
7W9E_1,7W9E.C,,spike
7W9F_3,7W9F.C,,spike
7WCR_1,7WCR.A,,spike
7WCZ_1,7WCZ.A,,spike
7WCZ_1,7WCZ.D,,spike
7WCZ_1,7WCZ.E,,spike
7WD0_1,7WD0.A,,spike
7WD0_1,7WD0.B,,spike
7WD0_1,7WD0.C,,spike
7WD7_1,7WD7.A,,spike
7WD7_1,7WD7.D,,spike
7WD7_1,7WD7.G,,spike
7WD8_1,7WD8.A,,spike
7WD8_1,7WD8.D,,spike
7WD9_1,7WD9.A,,spike
7WD9_1,7WD9.B,,spike
7WD9_1,7WD9.C,,spike
7WDF_1,7WDF.A,,spike
7WDF_1,7WDF.B,,spike
7WDF_1,7WDF.C,,spike
7WE7_3,7WE7.C,,spike
7WE7_3,7WE7.D,,spike
7WE7_3,7WE7.E,,spike
7WE8_1,7WE8.A,,spike
7WE8_1,7WE8.B,,spike
7WE8_1,7WE8.C,,spike
7WE9_1,7WE9.A,,spike
7WE9_1,7WE9.B,,spike
7WE9_1,7WE9.C,,spike
7WEA_1,7WEA.A,,spike
7WEA_1,7WEA.B,,spike
7WEA_1,7WEA.C,,spike
7WEB_3,7WEB.E,,spike
7WEB_3,7WEB.F,,spike
7WEB_3,7WEB.G,,spike
7WEC_3,7WEC.G,,spike
7WEC_3,7WEC.H,,spike
7WEC_3,7WEC.I,,spike
7WED_1,7WED.A,,spike
7WEE_1,7WEE.A,,spike
7WEF_2,7WEF.B,,spike
7WHI_1,7WHI.A,,spike
7WHI_1,7WHI.B,,spike
7WHI_1,7WHI.C,,spike
7WHJ_1,7WHJ.A,,spike
7WHJ_1,7WHJ.B,,spike
7WHJ_1,7WHJ.C,,spike
7WHK_1,7WHK.A,,spike
7WHK_1,7WHK.B,,spike
7WHK_1,7WHK.C,,spike
7WK8_3,7WK8.C,,spike
7WK8_3,7WK8.D,,spike
7WK9_1,7WK9.A,,spike
7WK9_1,7WK9.B,,spike
7WK9_1,7WK9.E,,spike
7WKA_1,7WKA.A,,spike
7WKA_1,7WKA.B,,spike
7WKA_1,7WKA.E,,spike
7WLC_1,7WLC.A,,spike
7WLY_1,7WLY.A,,spike
7WLY_1,7WLY.B,,spike
7WLY_1,7WLY.C,,spike
7WLZ_1,7WLZ.A,,spike
7WLZ_1,7WLZ.B,,spike
7WLZ_1,7WLZ.C,,spike
7WPD_1,7WPD.A,,spike
7WPD_1,7WPD.B,,spike
7WPD_1,7WPD.C,,spike
7WPE_1,7WPE.A,,spike
7WPE_1,7WPE.B,,spike
7WPE_1,7WPE.C,,spike
7WPF_1,7WPF.A,,spike
7WPF_1,7WPF.B,,spike
7WPF_1,7WPF.C,,spike
7WPH_1,7WPH.A,,spike
7WPH_1,7WPH.B,,spike
7WRV_1,7WRV.A,,spike
7WS0_1,7WS0.A,,spike
7WS0_1,7WS0.B,,spike
7WS0_1,7WS0.C,,spike
7WS1_1,7WS1.A,,spike
7WS1_1,7WS1.B,,spike
7WS1_1,7WS1.C,,spike
7WS2_2,7WS2.B,,spike
7WS3_1,7WS3.A,,spike
7WS3_1,7WS3.B,,spike
7WS3_1,7WS3.C,,spike
7WS4_1,7WS4.A,,spike
7WS4_1,7WS4.B,,spike
7WS4_1,7WS4.C,,spike
7WS5_1,7WS5.A,,spike
7WS5_1,7WS5.B,,spike
7WS5_1,7WS5.C,,spike
7WS6_1,7WS6.A,,spike
7WS7_1,7WS7.A,,spike
7WUE_1,7WUE.A,,spike
7WUE_1,7WUE.D,,spike
7WUH_1,7WUH.A,,spike
7WUH_1,7WUH.B,,spike
7WUH_1,7WUH.C,,spike
7WWL_1,7WWL.A,,spike
7WWL_1,7WWL.B,,spike
7WWL_1,7WWL.C,,spike
7WWM_1,7WWM.A,,spike
7WWM_1,7WWM.B,,spike
7WWM_1,7WWM.C,,spike
7X7D_1,7X7D.A,,spike
7X7D_1,7X7D.C,,spike
7X7D_1,7X7D.E,,spike
7X7O_1,7X7O.A,,spike
7X7O_1,7X7O.B,,spike
7X7O_1,7X7O.C,,spike
7X7O_1,7X7O.D,,spike
7Z0X_3,7Z0X.C,,spike
7Z0Y_3,7Z0Y.C,,spike
7Z1A_1,7Z1A.A,,spike
7Z1A_1,7Z1A.D,,spike
7Z1B_1,7Z1B.A,,spike
7Z1B_1,7Z1B.D,,spike
7Z1C_1,7Z1C.A,,spike
7Z1C_1,7Z1C.D,,spike
7Z1D_1,7Z1D.A,,spike
7Z1E_1,7Z1E.A,,spike
7ZF3_5,7ZF3.E,,spike
7ZF5_3,7ZF5.E,,spike
7ZF5_3,7ZF5.F,,spike
7ZF8_3,7ZF8.C,,spike
7ZF9_3,7ZF9.C,,spike
7ZF9_3,7ZF9.F,,spike
7ZFB_2,7ZFB.C,,spike
7ZFB_2,7ZFB.L,,spike
7ZFC_6,7ZFC.F,,spike
7ZFD_2,7ZFD.B,,spike
7ZFD_2,7ZFD.E,,spike
7ZFE_2,7ZFE.B,,spike
7ZFE_2,7ZFE.H,,spike
7ZFE_2,7ZFE.N,,spike
7ZFE_2,7ZFE.O,,spike
7ZR7_1,7ZR7.A,,spike
7ZR7_1,7ZR7.B,,spike
7ZR7_1,7ZR7.C,,spike
7ZR8_1,7ZR8.A,,spike
7ZR9_1,7ZR9.A,,spike
7ZR9_1,7ZR9.B,,spike
7ZR9_1,7ZR9.C,,spike
7ZRC_1,7ZRC.A,,spike
7ZRC_1,7ZRC.B,,spike
7ZRC_1,7ZRC.C,,spike
7YQX_1,7YQX.A,,spike
7YQX_1,7YQX.B,,spike
7YQX_1,7YQX.C,,spike
7YQY_1,7YQY.A,,spike
7YQY_1,7YQY.B,,spike
7YQY_1,7YQY.C,,spike
7YQZ_1,7YQZ.A,,spike
7YQZ_1,7YQZ.B,,spike
7YQZ_1,7YQZ.C,,spike
7YR0_1,7YR0.A,,spike
7YR1_1,7YR1.A,,spike
7YR1_1,7YR1.D,,spike
7YR1_1,7YR1.G,,spike
7WBH_1,7WBH.A,,spike
8DZH_1,8DZH.A,,spike
8DZH_1,8DZH.B,,spike
8DZH_1,8DZH.C,,spike
8DZI_1,8DZI.A,,spike
8DZI_1,8DZI.D,,spike
8DZI_1,8DZI.G,,spike
7R4R_1,7R4R.A,,spike
7R4R_1,7R4R.B,,spike
7R4R_1,7R4R.C,,spike
7R4Q_1,7R4Q.A,,spike
7R4Q_1,7R4Q.B,,spike
7R4Q_1,7R4Q.C,,spike
7R4I_1,7R4I.A,,spike
7R4I_1,7R4I.B,,spike
7R4I_1,7R4I.C,,spike
7WJY_1,7WJY.A,,spike
7WJY_1,7WJY.D,,spike
7WJY_1,7WJY.G,,spike
7WJZ_1,7WJZ.A,,spike
7WJZ_1,7WJZ.D,,spike
7WJZ_1,7WJZ.G,,spike
7WJZ_1,7WJZ.J,,spike
7WJZ_1,7WJZ.M,,spike
7WJZ_1,7WJZ.P,,spike
7WK0_3,7WK0.C,,spike
7WK0_3,7WK0.F,,spike
8CYA_1,8CYA.A,,spike
8CYA_1,8CYA.B,,spike
8CYA_1,8CYA.C,,spike
8CYC_1,8CYC.A,,spike
8CYC_1,8CYC.B,,spike
8CYC_1,8CYC.C,,spike
8CY7_1,8CY7.A,,spike
8CY7_1,8CY7.B,,spike
8CY7_1,8CY7.C,,spike
8CXN_1,8CXN.A,,spike
8CXN_1,8CXN.B,,spike
8CXN_1,8CXN.C,,spike
8CYB_1,8CYB.A,,spike
8CYB_1,8CYB.B,,spike
8CYB_1,8CYB.C,,spike
8CXQ_1,8CXQ.A,,spike
8CXQ_1,8CXQ.B,,spike
8CXQ_1,8CXQ.C,,spike
8CY9_1,8CY9.A,,spike
8CY9_1,8CY9.B,,spike
8CY9_1,8CY9.C,,spike
8CY6_1,8CY6.A,,spike
8CY6_1,8CY6.B,,spike
8CY6_1,8CY6.C,,spike
8CYD_1,8CYD.A,,spike
8CYD_1,8CYD.B,,spike
8CYD_1,8CYD.C,,spike
8CWU_1,8CWU.A,,spike
8CYJ_5,8CYJ.E,,spike
8CWV_1,8CWV.A,,spike
7QTI_5,7QTI.I,,spike
7QTI_5,7QTI.J,,spike
7QTI_5,7QTI.K,,spike
7QTJ_3,7QTJ.C,,spike
7QTJ_3,7QTJ.D,,spike
7QTK_1,7QTK.A,,spike
7XIC_1,7XIC.A,,spike
7XIC_1,7XIC.B,,spike
7XIC_1,7XIC.C,,spike
7XH8_1,7XH8.A,,spike
7WP5_3,7WP5.C,,spike
7WRJ_1,7WRJ.A,,spike
7WRY_1,7WRY.A,,spike
7Y0W_5,7Y0W.E,,spike
7Y0V_3,7Y0V.C,,spike
7XMX_1,7XMX.A,,spike
7XMX_1,7XMX.B,,spike
7XMX_1,7XMX.C,,spike
7XMZ_1,7XMZ.A,,spike
7XMZ_1,7XMZ.B,,spike
7XMZ_1,7XMZ.C,,spike
7XST_1,7XST.A,,spike
7XST_1,7XST.B,,spike
7XST_1,7XST.C,,spike
7X7T_1,7X7T.A,,spike
7X8Y_1,7X8Y.A,,spike
7X8Z_1,7X8Z.A,,spike
7X90_3,7X90.C,,spike
7X8W_1,7X8W.A,,spike
7X92_1,7X92.A,,spike
7X91_1,7X91.A,,spike
8ERR_1,8ERR.A,,spike
8ERR_1,8ERR.B,,spike
8ERR_1,8ERR.C,,spike
8ERQ_3,8ERQ.C,,spike
7W1S_1,7W1S.A,,spike
8DT3_1,8DT3.A,,spike
7YDY_1,7YDY.A,,spike
7YDY_1,7YDY.B,,spike
7YDY_1,7YDY.C,,spike
7U9O_1,7U9O.A,,spike
7U9O_1,7U9O.B,,spike
7U9P_1,7U9P.A,,spike
7U9P_1,7U9P.B,,spike
7ZXU_1,7ZXU.A,,spike
7UZ4_1,7UZ4.A,,spike
7UZ4_1,7UZ4.B,,spike
7UZ4_1,7UZ4.C,,spike
7UZ5_1,7UZ5.A,,spike
7UZ5_1,7UZ5.B,,spike
7UZ5_1,7UZ5.C,,spike
7UZ6_1,7UZ6.A,,spike
7UZ6_1,7UZ6.B,,spike
7UZ6_1,7UZ6.C,,spike
7UZ7_1,7UZ7.A,,spike
7UZ7_1,7UZ7.B,,spike
7UZ7_1,7UZ7.C,,spike
7UZ9_1,7UZ9.A,,spike
7UZ9_1,7UZ9.B,,spike
7UZ9_1,7UZ9.C,,spike
7UZA_1,7UZA.A,,spike
7UZA_1,7UZA.B,,spike
7UZA_1,7UZA.C,,spike
7UZB_1,7UZB.A,,spike
7UZ8_1,7UZ8.A,,spike
7UZ8_1,7UZ8.B,,spike
7UZ8_1,7UZ8.C,,spike
7FBJ_1,7FBJ.A,,spike
7FBJ_1,7FBJ.C,,spike
7FBJ_1,7FBJ.E,,spike
7FBJ_1,7FBJ.G,,spike
7FBJ_1,7FBJ.I,,spike
7FBJ_1,7FBJ.K,,spike
7FBJ_1,7FBJ.M,,spike
7FBJ_1,7FBJ.O,,spike
7FBK_1,7FBK.A,,spike
7FBK_1,7FBK.B,,spike
7X6A_1,7X6A.A,,spike
7X6A_1,7X6A.B,,spike
7X6A_1,7X6A.C,,spike
7WR8_1,7WR8.A,,spike
8DI5_1,8DI5.A,,spike
7U0P_1,7U0P.A,,spike
7U0P_1,7U0P.B,,spike
7U0P_1,7U0P.C,,spike
7UPL_1,7UPL.A,,spike
7UPL_1,7UPL.B,,spike
7UPL_1,7UPL.C,,spike
7ZF4_4,7ZF4.D,,spike
7ZFA_1,7ZFA.A,,spike
7ZFA_1,7ZFA.B,,spike
7ZFA_1,7ZFA.C,,spike
7ZFA_1,7ZFA.D,,spike
7T7B_1,7T7B.A,,spike
7WRZ_3,7WRZ.C,,spike
7WRL_3,7WRL.C,,spike
7XSC_2,7XSC.C,,spike
7XSC_2,7XSC.D,,spike
8CWI_1,8CWI.A,,spike
8CWK_5,8CWK.E,,spike
8DNN_1,8DNN.A,,spike
8DNN_1,8DNN.D,,spike
8GB5_1,8GB5.A,,spike
8GB5_1,8GB5.D,,spike
8GB5_1,8GB5.G,,spike
8GB5_1,8GB5.J,,spike
8GB6_1,8GB6.A,,spike
8GB7_3,8GB7.C,,spike
8GB8_1,8GB8.A,,spike
8BSE_1,8BSE.A,,spike
8BSF_1,8BSF.A,,spike
8HN6_3,8HN6.C,,spike
8HN6_3,8HN6.F,,spike
8HN7_3,8HN7.C,,spike
8HN7_3,8HN7.F,,spike
7XSA_3,7XSA.C,,spike
7XSA_3,7XSA.F,,spike
7XSB_1,7XSB.A,,spike
7XSB_1,7XSB.B,,spike
7XSB_1,7XSB.C,,spike
7XSB_1,7XSB.D,,spike
8A99_1,8A99.A,,spike
8A99_1,8A99.B,,spike
8A99_1,8A99.C,,spike
8A94_1,8A94.A,,spike
8A94_1,8A94.B,,spike
8A94_1,8A94.C,,spike
8A96_1,8A96.A,,spike
8F0G_3,8F0G.C,,spike
8F0G_3,8F0G.D,,spike
8F0G_3,8F0G.E,,spike
8F0H_2,8F0H.B,,spike
8GS9_1,8GS9.A,,spike
7XIK_1,7XIK.A,,spike
7XIL_1,7XIL.A,,spike
7XS8_2,7XS8.B,,spike
8HEB_1,8HEB.A,,spike
8HEB_1,8HEB.B,,spike
8HEB_1,8HEB.C,,spike
8HEC_1,8HEC.A,,spike
8HEC_1,8HEC.B,,spike
8HEC_1,8HEC.C,,spike
8HED_1,8HED.A,,spike
7UOW_1,7UOW.A,,spike
7UOW_1,7UOW.B,,spike
7UOW_1,7UOW.C,,spike
7WN2_1,7WN2.A,,spike
7WN2_1,7WN2.D,,spike
7WNB_1,7WNB.A,,spike
7XJ6_1,7XJ6.A,,spike
7XJ6_1,7XJ6.B,,spike
7XJ6_1,7XJ6.C,,spike
7XJ8_1,7XJ8.A,,spike
7XJ8_1,7XJ8.B,,spike
7XJ8_1,7XJ8.C,,spike
7XJ9_1,7XJ9.A,,spike
7XJ9_1,7XJ9.B,,spike
7YOW_3,7YOW.C,,spike
7YOW_3,7YOW.F,,spike
7ZJL_1,7ZJL.A,,spike
7ZJL_1,7ZJL.B,,spike
7ZJL_1,7ZJL.C,,spike
8I5H_1,8I5H.A,,spike
8I5H_1,8I5H.D,,spike
8I5H_1,8I5H.G,,spike
8I5I_1,8I5I.A,,spike
8GZZ_1,8GZZ.A,,spike
8GZZ_1,8GZZ.B,,spike
8H00_1,8H00.A,,spike
8H00_1,8H00.B,,spike
8H00_1,8H00.C,,spike
8H01_1,8H01.A,,spike
8H01_1,8H01.B,,spike
8H01_1,8H01.C,,spike
8ITU_1,8ITU.A,,spike
8ITU_1,8ITU.B,,spike
8ITU_1,8ITU.C,,spike
7X93_1,7X93.A,,spike
7X93_1,7X93.B,,spike
7X93_1,7X93.E,,spike
7X94_1,7X94.A,,spike
7X95_1,7X95.A,,spike
7X96_1,7X96.A,,spike
8BBN_3,8BBN.G,,spike
8BBN_3,8BBN.J,,spike
8BBN_3,8BBN.M,,spike
8BBO_1,8BBO.A,,spike
8BCZ_1,8BCZ.A,,spike
8C3V_3,8C3V.C,,spike
8C3V_3,8C3V.E,,spike
8C3V_3,8C3V.G,,spike
8D0Z_1,8D0Z.A,,spike
8D0Z_1,8D0Z.B,,spike
8D0Z_1,8D0Z.C,,spike
7U8E_1,7U8E.A,,spike
7XDL_1,7XDL.A,,spike
7XDL_1,7XDL.B,,spike
7XDL_1,7XDL.C,,spike
7X08_1,7X08.A,,spike
7X08_1,7X08.B,,spike
7X08_1,7X08.C,,spike
7RU8_3,7RU8.C,,spike
7RU5_1,7RU5.A,,spike
7RU5_1,7RU5.B,,spike
7RU5_1,7RU5.C,,spike
7RU4_3,7RU4.C,,spike
7T3M_1,7T3M.A,,spike
7T3M_1,7T3M.B,,spike
7T3M_1,7T3M.D,,spike
7RU3_3,7RU3.C,,spike
7RU3_3,7RU3.D,,spike
7RU3_3,7RU3.E,,spike
7UL0_1,7UL0.A,,spike
7UL1_1,7UL1.A,,spike
7WP8_4,7WP8.D,,spike
7X63_3,7X63.C,,spike
7X66_3,7X66.C,,spike
7U0Q_1,7U0Q.A,,spike
7U0Q_1,7U0Q.B,,spike
7U0Q_1,7U0Q.C,,spike
7U0X_1,7U0X.A,,spike
7U0X_1,7U0X.B,,spike
7U0X_1,7U0X.C,,spike
7WP6_4,7WP6.D,,spike
7WSC_1,7WSC.A,,spike
7X2H_3,7X2H.E,,spike
7X2H_3,7X2H.F,,spike
7XCZ_1,7XCZ.A,,spike
7XDA_3,7XDA.C,,spike
7XDB_2,7XDB.B,,spike
7XDB_2,7XDB.F,,spike
7XDB_2,7XDB.G,,spike
7XDK_1,7XDK.A,,spike
7XDK_1,7XDK.F,,spike
7XDK_1,7XDK.K,,spike
7Y7J_1,7Y7J.A,,spike
7Y7J_1,7Y7J.B,,spike
7Y7J_1,7Y7J.C,,spike
7Y7K_1,7Y7K.A,,spike
7WWI_1,7WWI.A,,spike
7WWI_1,7WWI.B,,spike
7WWI_1,7WWI.C,,spike
7WWJ_1,7WWJ.A,,spike
7WWJ_1,7WWJ.B,,spike
7WWJ_1,7WWJ.C,,spike
7WWK_1,7WWK.A,,spike
7WWK_1,7WWK.B,,spike
7YCK_1,7YCK.A,,spike
7YCK_1,7YCK.D,,spike
7YCL_3,7YCL.C,,spike
7YCL_3,7YCL.F,,spike
7YCN_1,7YCN.A,,spike
7YCN_1,7YCN.D,,spike
7YCN_1,7YCN.G,,spike
7YCN_1,7YCN.J,,spike
8HHX_1,8HHX.A,,spike
8HHX_1,8HHX.B,,spike
8HHX_1,8HHX.C,,spike
8HHY_3,8HHY.G,,spike
8HHY_3,8HHY.H,,spike
8HHY_3,8HHY.I,,spike
8HHZ_1,8HHZ.A,,spike
8HHZ_1,8HHZ.B,,spike
8HHZ_1,8HHZ.C,,spike
8BE1_3,8BE1.C,,spike
8BE1_3,8BE1.F,,spike
8D48_1,8D48.A,,spike
8HC2_1,8HC2.A,,spike
8HC2_1,8HC2.B,,spike
8HC2_1,8HC2.E,,spike
8HC3_1,8HC3.A,,spike
8HC3_1,8HC3.B,,spike
8HC3_1,8HC3.C,,spike
8HC4_1,8HC4.A,,spike
8HC4_1,8HC4.B,,spike
8HC4_1,8HC4.C,,spike
8HC5_1,8HC5.A,,spike
8HC6_1,8HC6.A,,spike
8HC7_1,8HC7.A,,spike
8HC8_1,8HC8.A,,spike
8HC9_1,8HC9.A,,spike
8HC9_1,8HC9.B,,spike
8HC9_1,8HC9.C,,spike
8HCA_1,8HCA.A,,spike
8HCA_1,8HCA.B,,spike
8HCA_1,8HCA.C,,spike
8HCB_1,8HCB.A,,spike
8HCB_1,8HCB.B,,spike
8HCB_1,8HCB.C,,spike
7WH8_3,7WH8.C,,spike
7WHB_1,7WHB.A,,spike
7WHB_1,7WHB.B,,spike
7WHB_1,7WHB.C,,spike
7WHD_1,7WHD.A,,spike
7WHD_1,7WHD.B,,spike
7WHD_1,7WHD.C,,spike
8DXT_3,8DXT.C,,spike
8DXU_1,8DXU.A,,spike
7UZC_1,7UZC.A,,spike
7UZC_1,7UZC.B,,spike
7UZD_1,7UZD.A,,spike
7YKJ_1,7YKJ.A,,spike
7YKJ_1,7YKJ.B,,spike
7WTI_1,7WTI.A,,spike
7WTI_1,7WTI.B,,spike
7WTI_1,7WTI.C,,spike
7X2K_1,7X2K.A,,spike
7WTF_3,7WTF.C,,spike
7WTF_3,7WTF.D,,spike
7WTF_3,7WTF.E,,spike
7WTG_1,7WTG.A,,spike
7WTH_1,7WTH.A,,spike
7WTJ_3,7WTJ.C,,spike
7WTK_1,7WTK.A,,spike
7WTK_1,7WTK.D,,spike
7WTK_1,7WTK.E,,spike
7WVL_3,7WVL.C,,spike
8DW2_2,8DW2.B,,spike
8DW3_2,8DW3.B,,spike
8DW9_1,8DW9.A,,spike
8DW9_1,8DW9.B,,spike
8DWA_1,8DWA.A,,spike
8DXS_1,8DXS.A,,spike
8DXS_1,8DXS.B,,spike
8DXS_1,8DXS.C,,spike
8BH5_3,8BH5.C,,spike
7SIX_1,7SIX.A,,spike
7SIX_1,7SIX.B,,spike
7WB5_3,7WB5.C,,spike
8D8Q_3,8D8Q.C,,spike
8D8R_3,8D8R.C,,spike
8GX9_1,8GX9.A,,spike
8GX9_1,8GX9.B,,spike
7Y0C_3,7Y0C.C,,spike
7Y0C_3,7Y0C.F,,spike
7XXL_3,7XXL.C,,spike
7WBZ_1,7WBZ.A,,spike
7XCK_3,7XCK.C,,spike
7XCP_2,7XCP.B,,spike
7YAD_3,7YAD.C,,spike
7YAD_3,7YAD.F,,spike
7YDI_2,7YDI.B,,spike
7YE5_1,7YE5.A,,spike
7YE5_1,7YE5.B,,spike
7YE5_1,7YE5.C,,spike
7YE9_1,7YE9.A,,spike
7YE9_1,7YE9.B,,spike
7YE9_1,7YE9.C,,spike
7YEG_1,7YEG.A,,spike
7YEG_1,7YEG.B,,spike
7YEG_1,7YEG.C,,spike
8DAD_3,8DAD.C,,spike
8DLW_1,8DLW.A,,spike
8DLW_1,8DLW.B,,spike
8DLW_1,8DLW.E,,spike
7WM0_1,7WM0.A,,spike
7X7U_1,7X7U.A,,spike
7ZBU_1,7ZBU.A,,spike
7FJC_3,7FJC.C,,spike
7UPW_1,7UPW.A,,spike
7UPW_1,7UPW.B,,spike
7UPW_1,7UPW.C,,spike
7UPX_1,7UPX.A,,spike
7UPY_1,7UPY.A,,spike
7UPY_1,7UPY.B,,spike
7UPY_1,7UPY.C,,spike
7V27_1,7V27.A,,spike
7WCD_1,7WCD.A,,spike
7WCD_1,7WCD.D,,spike
7WCD_1,7WCD.G,,spike
8DF5_6,8DF5.K,,spike
8DF5_6,8DF5.L,,spike
7WO4_1,7WO4.A,,spike
7WO4_1,7WO4.B,,spike
7WO4_1,7WO4.C,,spike
7WO4_1,7WO4.J,,spike
7WO4_1,7WO4.K,,spike
7WO4_1,7WO4.L,,spike
7WO5_1,7WO5.A,,spike
7WO5_1,7WO5.B,,spike
7WO5_1,7WO5.C,,spike
7WO7_3,7WO7.C,,spike
7WOA_1,7WOA.A,,spike
7WOA_1,7WOA.B,,spike
7WOA_1,7WOA.C,,spike
7WOB_1,7WOB.A,,spike
7WOB_1,7WOB.B,,spike
7WOB_1,7WOB.C,,spike
7WOC_1,7WOC.A,,spike
7WOG_1,7WOG.A,,spike
7WP0_3,7WP0.C,,spike
7WP2_3,7WP2.C,,spike
7WON_1,7WON.A,,spike
7WP1_3,7WP1.C,,spike
8DCC_1,8DCC.A,,spike
7X1M_7,7X1M.G,,spike
7F3Q_1,7F3Q.A,,spike
7XOD_1,7XOD.A,,spike
7XOD_1,7XOD.B,,spike
7XOD_1,7XOD.C,,spike
7WRO_3,7WRO.C,,spike
7F6Z_1,7F6Z.A,,spike
7WI0_1,7WI0.A,,spike
7FCP_1,7FCP.A,,spike
7WHZ_1,7WHZ.A,,spike
7F6Y_1,7F6Y.A,,spike
7F7H_3,7F7H.C,,spike
7F7H_3,7F7H.F,,spike
7FCQ_1,7FCQ.A,,spike
7E8F_8,7E8F.H,,spike
